{"textures":{"0":"modelengine:entity/wolfebersahd"},"elements":[{"from":[7.142857,6.857143,5.142857],"to":[8.857143,8.0,8.0],"rotation":{"angle":0.0,"axis":"y","origin":[7.714286,-16.000002,9.714286]},"faces":{"east":{"uv":[3.2625,5.7625,3.8625,5.9875],"rotation":0,"texture":"#0","tintindex":0},"south":{"uv":[10.3875,8.3875,10.7375,8.6125],"rotation":0,"texture":"#0","tintindex":0},"north":{"uv":[8.7625,8.1375,9.1125,8.3625],"rotation":0,"texture":"#0","tintindex":0},"west":{"uv":[10.5125,5.8875,11.1125,6.1125],"rotation":0,"texture":"#0","tintindex":0},"up":{"uv":[1.3625,13.6125,1.0125,13.0125],"rotation":0,"texture":"#0","tintindex":0},"down":{"uv":[8.3625,13.2625,8.0125,13.8625],"rotation":0,"texture":"#0","tintindex":0}}},{"from":[7.142857,8.0,5.142857],"to":[8.857143,9.142858,8.0],"rotation":{"angle":0.0,"axis":"y","origin":[7.714286,-16.000002,9.714286]},"faces":{"east":{"uv":[15.3875,7.2625,15.9875,7.4875],"rotation":0,"texture":"#0","tintindex":0},"south":{"uv":[15.6375,6.1375,15.9875,6.3625],"rotation":0,"texture":"#0","tintindex":0},"north":{"uv":[15.6375,5.8875,15.9875,6.1125],"rotation":0,"texture":"#0","tintindex":0},"west":{"uv":[15.3875,6.3875,15.9875,6.6125],"rotation":0,"texture":"#0","tintindex":0},"up":{"uv":[15.9875,7.2375,15.6375,6.6375],"rotation":0,"texture":"#0","tintindex":0},"down":{"uv":[15.6125,6.6375,15.2625,7.2375],"rotation":0,"texture":"#0","tintindex":0}}}],"display":{"head":{"translation":[0.0,-6.4,0.0],"scale":[4.0,4.0,4.0]}}}