{"textures":{"0":"modelengine:entity/wolfebersahd"},"elements":[{"from":[5.428571,5.428571,8.0],"to":[10.571428,10.571428,13.142858],"rotation":{"angle":0.0,"axis":"y","origin":[8.0,8.0,9.714286]},"faces":{"east":{"uv":[11.2625,5.8875,12.3625,6.9875],"rotation":0,"texture":"#0","tintindex":0},"south":{"uv":[4.0125,11.3875,5.1125,12.4875],"rotation":0,"texture":"#0","tintindex":0},"north":{"uv":[11.1375,10.6375,12.2375,11.7375],"rotation":0,"texture":"#0","tintindex":0},"west":{"uv":[8.3875,11.5125,9.4875,12.6125],"rotation":0,"texture":"#0","tintindex":0},"up":{"uv":[10.6125,12.6125,9.5125,11.5125],"rotation":0,"texture":"#0","tintindex":0},"down":{"uv":[12.7375,7.0125,11.6375,8.1125],"rotation":0,"texture":"#0","tintindex":0}}}],"display":{"head":{"translation":[0.0,-6.4,0.0],"scale":[4.0,4.0,4.0]}}}