{"textures":{"0":"minecraft:toffy/crates/toffy_key_purple"},"elements":[{"from":[7.6857142,4.5714283,8.857143],"to":[8.257143,8.0,9.428572],"rotation":{"angle":0.0,"axis":"y","origin":[3.3999996,13.142858,8.571428]},"faces":{"east":{"uv":[0.25,5.375,0.375,6.125],"rotation":0,"texture":"#0","tintindex":0},"south":{"uv":[5.375,0.375,5.5,1.125],"rotation":0,"texture":"#0","tintindex":0},"north":{"uv":[0.0,5.375,0.125,6.125],"rotation":0,"texture":"#0","tintindex":0},"west":{"uv":[0.5,5.375,0.625,6.125],"rotation":0,"texture":"#0","tintindex":0},"up":{"uv":[6.25,3.125,6.125,3.0],"rotation":0,"texture":"#0","tintindex":0},"down":{"uv":[3.375,6.125,3.25,6.25],"rotation":0,"texture":"#0","tintindex":0}}},{"from":[7.4,3.5813427,8.498869],"to":[8.542857,4.7242002,9.641726],"rotation":{"angle":22.5,"axis":"x","origin":[7.9857144,4.1527715,9.070297]},"faces":{"east":{"uv":[1.5,5.75,1.75,6.0],"rotation":90,"texture":"#0","tintindex":0},"south":{"uv":[6.0,3.75,5.75,4.0],"rotation":0,"texture":"#0","tintindex":0},"north":{"uv":[6.0,3.625,5.75,3.375],"rotation":180,"texture":"#0","tintindex":0},"west":{"uv":[2.25,5.75,2.5,6.0],"rotation":270,"texture":"#0","tintindex":0},"up":{"uv":[1.875,5.75,2.125,6.0],"rotation":0,"texture":"#0","tintindex":0},"down":{"uv":[5.75,1.125,6.0,1.375],"rotation":180,"texture":"#0","tintindex":0}}},{"from":[7.6857142,5.142857,9.428572],"to":[8.257143,6.285714,10.0],"rotation":{"angle":0.0,"axis":"y","origin":[3.3999996,12.571428,8.571428]},"faces":{"east":{"uv":[5.875,5.625,6.0,5.875],"rotation":0,"texture":"#0","tintindex":0},"south":{"uv":[6.0,0.0,6.125,0.25],"rotation":0,"texture":"#0","tintindex":0},"north":{"uv":[5.5,5.875,5.625,6.125],"rotation":0,"texture":"#0","tintindex":0},"west":{"uv":[6.0,0.375,6.125,0.625],"rotation":0,"texture":"#0","tintindex":0},"up":{"uv":[6.25,3.375,6.125,3.25],"rotation":0,"texture":"#0","tintindex":0},"down":{"uv":[6.25,3.5,6.125,3.625],"rotation":0,"texture":"#0","tintindex":0}}},{"from":[7.6857142,6.285714,9.428572],"to":[8.257143,6.857143,10.571428],"rotation":{"angle":0.0,"axis":"y","origin":[3.3999996,14.285715,8.571428]},"faces":{"east":{"uv":[6.0,0.75,6.25,0.875],"rotation":0,"texture":"#0","tintindex":0},"south":{"uv":[6.125,4.75,6.25,4.875],"rotation":0,"texture":"#0","tintindex":0},"north":{"uv":[4.75,6.125,4.875,6.25],"rotation":0,"texture":"#0","tintindex":0},"west":{"uv":[6.0,1.5,6.25,1.625],"rotation":0,"texture":"#0","tintindex":0},"up":{"uv":[6.125,2.625,6.0,2.375],"rotation":0,"texture":"#0","tintindex":0},"down":{"uv":[5.875,6.0,5.75,6.25],"rotation":0,"texture":"#0","tintindex":0}}},{"from":[7.428571,8.0,8.571428],"to":[8.514286,12.571428,9.714286],"rotation":{"angle":0.0,"axis":"y","origin":[3.3999996,12.571428,8.571428]},"faces":{"east":{"uv":[4.25,1.125,4.5,2.125],"rotation":0,"texture":"#0","tintindex":0},"south":{"uv":[1.5,4.25,1.75,5.25],"rotation":0,"texture":"#0","tintindex":0},"north":{"uv":[1.125,4.25,1.375,5.25],"rotation":0,"texture":"#0","tintindex":0},"west":{"uv":[1.875,4.25,2.125,5.25],"rotation":0,"texture":"#0","tintindex":0},"up":{"uv":[6.0,4.375,5.75,4.125],"rotation":0,"texture":"#0","tintindex":0},"down":{"uv":[6.0,4.5,5.75,4.75],"rotation":0,"texture":"#0","tintindex":0}}},{"from":[7.6857142,4.5714283,7.714286],"to":[8.257143,8.0,8.285714],"rotation":{"angle":0.0,"axis":"y","origin":[3.3999996,13.142858,8.571428]},"faces":{"east":{"uv":[0.375,5.375,0.25,6.125],"rotation":0,"texture":"#0","tintindex":0},"south":{"uv":[0.125,5.375,0.0,6.125],"rotation":0,"texture":"#0","tintindex":0},"north":{"uv":[5.5,0.375,5.375,1.125],"rotation":0,"texture":"#0","tintindex":0},"west":{"uv":[0.625,5.375,0.5,6.125],"rotation":0,"texture":"#0","tintindex":0},"up":{"uv":[6.25,3.0,6.125,3.125],"rotation":0,"texture":"#0","tintindex":0},"down":{"uv":[3.375,6.25,3.25,6.125],"rotation":0,"texture":"#0","tintindex":0}}},{"from":[7.385714,3.5813427,7.5011315],"to":[8.557143,4.7242002,8.643989],"rotation":{"angle":-22.5,"axis":"x","origin":[7.9857144,4.1527715,8.07256]},"faces":{"east":{"uv":[1.75,5.75,1.5,6.0],"rotation":270,"texture":"#0","tintindex":0},"south":{"uv":[6.0,3.375,5.75,3.625],"rotation":0,"texture":"#0","tintindex":0},"north":{"uv":[6.0,4.0,5.75,3.75],"rotation":180,"texture":"#0","tintindex":0},"west":{"uv":[2.5,5.75,2.25,6.0],"rotation":90,"texture":"#0","tintindex":0},"up":{"uv":[2.125,5.75,1.875,6.0],"rotation":180,"texture":"#0","tintindex":0},"down":{"uv":[6.0,1.125,5.75,1.375],"rotation":0,"texture":"#0","tintindex":0}}},{"from":[7.4142857,2.8347368,8.0],"to":[8.528571,3.9775944,9.142858],"rotation":{"angle":45.0,"axis":"x","origin":[7.9714284,3.4061651,8.571428]},"faces":{"east":{"uv":[1.75,5.75,1.5,6.0],"rotation":90,"texture":"#0","tintindex":0},"south":{"uv":[6.0,4.0,5.75,3.75],"rotation":0,"texture":"#0","tintindex":0},"north":{"uv":[6.0,3.375,5.75,3.625],"rotation":180,"texture":"#0","tintindex":0},"west":{"uv":[2.5,5.75,2.25,6.0],"rotation":270,"texture":"#0","tintindex":0},"up":{"uv":[6.0,1.125,5.75,1.375],"rotation":0,"texture":"#0","tintindex":0},"down":{"uv":[2.125,5.75,1.875,6.0],"rotation":180,"texture":"#0","tintindex":0}}},{"from":[7.6857142,5.142857,7.142857],"to":[8.257143,6.285714,7.714286],"rotation":{"angle":0.0,"axis":"y","origin":[3.3999996,12.571428,8.571428]},"faces":{"east":{"uv":[6.0,5.625,5.875,5.875],"rotation":0,"texture":"#0","tintindex":0},"south":{"uv":[5.625,5.875,5.5,6.125],"rotation":0,"texture":"#0","tintindex":0},"north":{"uv":[6.125,0.0,6.0,0.25],"rotation":0,"texture":"#0","tintindex":0},"west":{"uv":[6.125,0.375,6.0,0.625],"rotation":0,"texture":"#0","tintindex":0},"up":{"uv":[6.25,3.25,6.125,3.375],"rotation":0,"texture":"#0","tintindex":0},"down":{"uv":[6.25,3.625,6.125,3.5],"rotation":0,"texture":"#0","tintindex":0}}},{"from":[7.6857142,6.285714,8.285714],"to":[8.257143,6.857143,8.857143],"rotation":{"angle":0.0,"axis":"y","origin":[3.3999996,12.571428,8.571428]},"faces":{"east":{"uv":[6.25,4.0,6.125,4.125],"rotation":0,"texture":"#0","tintindex":0},"south":{"uv":[6.25,3.75,6.125,3.875],"rotation":0,"texture":"#0","tintindex":0},"north":{"uv":[4.375,6.125,4.25,6.25],"rotation":0,"texture":"#0","tintindex":0},"west":{"uv":[6.25,4.25,6.125,4.375],"rotation":0,"texture":"#0","tintindex":0},"up":{"uv":[4.625,6.125,4.5,6.25],"rotation":0,"texture":"#0","tintindex":0},"down":{"uv":[6.25,4.625,6.125,4.5],"rotation":0,"texture":"#0","tintindex":0}}},{"from":[7.6857142,6.285714,6.5714283],"to":[8.257143,6.857143,7.714286],"rotation":{"angle":0.0,"axis":"y","origin":[3.3999996,14.285715,8.571428]},"faces":{"east":{"uv":[6.25,0.75,6.0,0.875],"rotation":0,"texture":"#0","tintindex":0},"south":{"uv":[4.875,6.125,4.75,6.25],"rotation":0,"texture":"#0","tintindex":0},"north":{"uv":[6.25,4.75,6.125,4.875],"rotation":0,"texture":"#0","tintindex":0},"west":{"uv":[6.25,1.5,6.0,1.625],"rotation":0,"texture":"#0","tintindex":0},"up":{"uv":[6.125,2.375,6.0,2.625],"rotation":0,"texture":"#0","tintindex":0},"down":{"uv":[5.875,6.25,5.75,6.0],"rotation":0,"texture":"#0","tintindex":0}}},{"from":[7.428571,8.0,7.428571],"to":[8.514286,12.571428,8.571428],"rotation":{"angle":0.0,"axis":"y","origin":[3.3999996,12.571428,8.571428]},"faces":{"east":{"uv":[4.5,1.125,4.25,2.125],"rotation":0,"texture":"#0","tintindex":0},"south":{"uv":[1.375,4.25,1.125,5.25],"rotation":0,"texture":"#0","tintindex":0},"north":{"uv":[1.75,4.25,1.5,5.25],"rotation":0,"texture":"#0","tintindex":0},"west":{"uv":[2.125,4.25,1.875,5.25],"rotation":0,"texture":"#0","tintindex":0},"up":{"uv":[6.0,4.125,5.75,4.375],"rotation":0,"texture":"#0","tintindex":0},"down":{"uv":[6.0,4.75,5.75,4.5],"rotation":0,"texture":"#0","tintindex":0}}},{"from":[7.6,7.142857,7.0],"to":[8.171429,8.285714,8.142858],"rotation":{"angle":22.5,"axis":"x","origin":[7.885714,7.714286,7.5714283]},"faces":{"east":{"uv":[5.875,2.0,6.125,2.25],"rotation":90,"texture":"#0","tintindex":0},"south":{"uv":[6.25,1.875,6.0,1.75],"rotation":270,"texture":"#0","tintindex":0},"north":{"uv":[6.25,6.125,6.0,6.0],"rotation":90,"texture":"#0","tintindex":0},"west":{"uv":[2.625,6.125,2.875,5.875],"rotation":90,"texture":"#0","tintindex":0},"up":{"uv":[6.25,2.875,6.0,2.75],"rotation":270,"texture":"#0","tintindex":0},"down":{"uv":[1.0,6.25,0.75,6.125],"rotation":270,"texture":"#0","tintindex":0}}},{"from":[7.6,7.142857,9.0],"to":[8.171429,8.285714,10.142858],"rotation":{"angle":-22.5,"axis":"x","origin":[7.885714,7.714286,9.571428]},"faces":{"east":{"uv":[5.875,2.25,6.125,2.0],"rotation":90,"texture":"#0","tintindex":0},"south":{"uv":[6.25,6.0,6.0,6.125],"rotation":90,"texture":"#0","tintindex":0},"north":{"uv":[6.25,1.75,6.0,1.875],"rotation":270,"texture":"#0","tintindex":0},"west":{"uv":[2.625,5.875,2.875,6.125],"rotation":90,"texture":"#0","tintindex":0},"up":{"uv":[6.0,2.875,6.25,2.75],"rotation":270,"texture":"#0","tintindex":0},"down":{"uv":[0.75,6.25,1.0,6.125],"rotation":270,"texture":"#0","tintindex":0}}}],"display":{"head":{"translation":[0.0,-6.4,0.0],"scale":[4.0,4.0,4.0]}}}