{"textures":{"0":"minecraft:toffy/crates/toffy_crate_cinder"},"elements":[{"from":[2.7142854,7.3102226,5.2612057],"to":[3.2857141,9.024508,5.832634],"rotation":{"angle":0.0,"axis":"y","origin":[2.7142854,8.738794,5.54692]},"faces":{"east":{"uv":[0.0,13.375,0.125,13.75],"rotation":0,"texture":"#0","tintindex":0},"south":{"uv":[13.375,0.0,13.5,0.375],"rotation":0,"texture":"#0","tintindex":0},"north":{"uv":[13.25,13.25,13.375,13.625],"rotation":0,"texture":"#0","tintindex":0},"west":{"uv":[0.25,13.375,0.375,13.75],"rotation":0,"texture":"#0","tintindex":0},"up":{"uv":[13.75,5.0,13.625,4.875],"rotation":0,"texture":"#0","tintindex":0},"down":{"uv":[5.625,13.625,5.5,13.75],"rotation":0,"texture":"#0","tintindex":0}}},{"from":[1.8715029,8.202028,5.2612057],"to":[2.4429312,9.344886,5.832634],"rotation":{"angle":45.0,"axis":"z","origin":[1.8715029,9.6306,5.54692]},"faces":{"east":{"uv":[13.375,12.875,13.5,13.125],"rotation":0,"texture":"#0","tintindex":0},"south":{"uv":[6.375,13.5,6.5,13.75],"rotation":0,"texture":"#0","tintindex":0},"north":{"uv":[8.5,13.375,8.625,13.625],"rotation":0,"texture":"#0","tintindex":0},"west":{"uv":[6.625,13.5,6.75,13.75],"rotation":0,"texture":"#0","tintindex":0},"up":{"uv":[5.875,13.75,5.75,13.625],"rotation":0,"texture":"#0","tintindex":0},"down":{"uv":[6.125,13.625,6.0,13.75],"rotation":0,"texture":"#0","tintindex":0}}},{"from":[2.4429312,8.773458,5.2612057],"to":[3.5857882,9.344886,5.832634],"rotation":{"angle":45.0,"axis":"z","origin":[1.8715029,9.6306,5.54692]},"faces":{"east":{"uv":[13.625,7.25,13.75,7.375],"rotation":0,"texture":"#0","tintindex":0},"south":{"uv":[8.75,13.5,9.0,13.625],"rotation":0,"texture":"#0","tintindex":0},"north":{"uv":[6.875,13.5,7.125,13.625],"rotation":0,"texture":"#0","tintindex":0},"west":{"uv":[13.625,7.5,13.75,7.625],"rotation":0,"texture":"#0","tintindex":0},"up":{"uv":[9.375,13.625,9.125,13.5],"rotation":0,"texture":"#0","tintindex":0},"down":{"uv":[13.75,10.25,13.5,10.375],"rotation":0,"texture":"#0","tintindex":0}}},{"from":[2.4285712,10.167366,5.2469196],"to":[4.714286,10.738794,5.832634],"rotation":{"angle":0.0,"axis":"y","origin":[8.142858,5.595937,6.4040627]},"faces":{"east":{"uv":[13.625,1.875,13.75,2.0],"rotation":0,"texture":"#0","tintindex":0},"south":{"uv":[7.625,1.125,8.125,1.25],"rotation":0,"texture":"#0","tintindex":0},"north":{"uv":[7.0,1.125,7.5,1.25],"rotation":0,"texture":"#0","tintindex":0},"west":{"uv":[13.625,3.625,13.75,3.75],"rotation":0,"texture":"#0","tintindex":0},"up":{"uv":[8.75,1.25,8.25,1.125],"rotation":0,"texture":"#0","tintindex":0},"down":{"uv":[9.875,0.875,9.375,1.0],"rotation":0,"texture":"#0","tintindex":0}}},{"from":[4.6999254,8.202028,5.2612057],"to":[5.271354,9.344886,5.832634],"rotation":{"angle":-45.0,"axis":"z","origin":[5.271354,9.6306,5.54692]},"faces":{"east":{"uv":[7.25,13.375,7.375,13.625],"rotation":0,"texture":"#0","tintindex":0},"south":{"uv":[13.375,7.25,13.5,7.5],"rotation":0,"texture":"#0","tintindex":0},"north":{"uv":[12.0,10.375,12.125,10.625],"rotation":0,"texture":"#0","tintindex":0},"west":{"uv":[7.5,13.375,7.625,13.625],"rotation":0,"texture":"#0","tintindex":0},"up":{"uv":[13.75,4.0,13.625,3.875],"rotation":0,"texture":"#0","tintindex":0},"down":{"uv":[13.75,4.125,13.625,4.25],"rotation":0,"texture":"#0","tintindex":0}}},{"from":[3.8571424,7.3102226,5.2612057],"to":[4.428571,9.024508,5.832634],"rotation":{"angle":0.0,"axis":"y","origin":[4.428571,8.738794,5.54692]},"faces":{"east":{"uv":[12.5,13.25,12.625,13.625],"rotation":0,"texture":"#0","tintindex":0},"south":{"uv":[12.75,13.25,12.875,13.625],"rotation":0,"texture":"#0","tintindex":0},"north":{"uv":[6.0,2.75,6.125,3.125],"rotation":0,"texture":"#0","tintindex":0},"west":{"uv":[13.0,13.25,13.125,13.625],"rotation":0,"texture":"#0","tintindex":0},"up":{"uv":[9.0,1.25,8.875,1.125],"rotation":0,"texture":"#0","tintindex":0},"down":{"uv":[12.0,4.0,11.875,4.125],"rotation":0,"texture":"#0","tintindex":0}}},{"from":[3.5570683,8.773458,5.2612057],"to":[4.6999254,9.344886,5.832634],"rotation":{"angle":-45.0,"axis":"z","origin":[5.271354,9.6306,5.54692]},"faces":{"east":{"uv":[13.625,4.375,13.75,4.5],"rotation":0,"texture":"#0","tintindex":0},"south":{"uv":[8.125,13.375,8.375,13.5],"rotation":0,"texture":"#0","tintindex":0},"north":{"uv":[7.75,13.375,8.0,13.5],"rotation":0,"texture":"#0","tintindex":0},"west":{"uv":[13.625,4.625,13.75,4.75],"rotation":0,"texture":"#0","tintindex":0},"up":{"uv":[13.625,8.625,13.375,8.5],"rotation":0,"texture":"#0","tintindex":0},"down":{"uv":[13.625,8.75,13.375,8.875],"rotation":0,"texture":"#0","tintindex":0}}},{"from":[2.7142854,10.369394,5.6306057],"to":[3.2857141,11.512252,6.202034],"rotation":{"angle":0.0,"axis":"y","origin":[-0.8571434,7.7979655,8.059177]},"faces":{"east":{"uv":[13.5,13.25,13.625,13.5],"rotation":0,"texture":"#0","tintindex":0},"south":{"uv":[13.625,0.0,13.75,0.25],"rotation":0,"texture":"#0","tintindex":0},"north":{"uv":[13.5,11.625,13.625,11.875],"rotation":0,"texture":"#0","tintindex":0},"west":{"uv":[13.625,0.375,13.75,0.625],"rotation":0,"texture":"#0","tintindex":0},"up":{"uv":[7.25,13.875,7.125,13.75],"rotation":0,"texture":"#0","tintindex":0},"down":{"uv":[7.5,13.75,7.375,13.875],"rotation":0,"texture":"#0","tintindex":0}}},{"from":[2.7142854,10.481794,3.5469198],"to":[3.2857141,12.19608,4.118348],"rotation":{"angle":45.0,"axis":"x","origin":[-0.8571434,8.481794,5.832634]},"faces":{"east":{"uv":[13.375,4.75,13.5,5.125],"rotation":0,"texture":"#0","tintindex":0},"south":{"uv":[5.0,13.375,5.125,13.75],"rotation":0,"texture":"#0","tintindex":0},"north":{"uv":[4.75,13.375,4.875,13.75],"rotation":0,"texture":"#0","tintindex":0},"west":{"uv":[5.25,13.375,5.375,13.75],"rotation":0,"texture":"#0","tintindex":0},"up":{"uv":[13.875,8.25,13.75,8.125],"rotation":0,"texture":"#0","tintindex":0},"down":{"uv":[13.875,8.375,13.75,8.5],"rotation":0,"texture":"#0","tintindex":0}}},{"from":[3.2857141,11.910366,3.5469198],"to":[3.8571424,13.053223,4.118348],"rotation":{"angle":45.0,"axis":"x","origin":[8.0,8.481794,5.832634]},"faces":{"east":{"uv":[13.625,1.125,13.75,1.375],"rotation":0,"texture":"#0","tintindex":0},"south":{"uv":[13.625,1.5,13.75,1.75],"rotation":0,"texture":"#0","tintindex":0},"north":{"uv":[13.625,0.75,13.75,1.0],"rotation":0,"texture":"#0","tintindex":0},"west":{"uv":[13.625,3.25,13.75,3.5],"rotation":0,"texture":"#0","tintindex":0},"up":{"uv":[8.625,13.875,8.5,13.75],"rotation":0,"texture":"#0","tintindex":0},"down":{"uv":[13.875,8.625,13.75,8.75],"rotation":0,"texture":"#0","tintindex":0}}},{"from":[3.8571424,10.481794,3.5469198],"to":[4.428571,12.19608,4.118348],"rotation":{"angle":45.0,"axis":"x","origin":[8.0,8.481794,5.832634]},"faces":{"east":{"uv":[4.25,13.375,4.375,13.75],"rotation":0,"texture":"#0","tintindex":0},"south":{"uv":[13.375,4.25,13.5,4.625],"rotation":0,"texture":"#0","tintindex":0},"north":{"uv":[4.0,13.375,4.125,13.75],"rotation":0,"texture":"#0","tintindex":0},"west":{"uv":[4.5,13.375,4.625,13.75],"rotation":0,"texture":"#0","tintindex":0},"up":{"uv":[13.875,6.625,13.75,6.5],"rotation":0,"texture":"#0","tintindex":0},"down":{"uv":[13.875,6.75,13.75,6.875],"rotation":0,"texture":"#0","tintindex":0}}},{"from":[3.8571424,10.369394,5.6306057],"to":[4.428571,11.512252,6.202034],"rotation":{"angle":0.0,"axis":"y","origin":[8.0,7.7979655,8.059177]},"faces":{"east":{"uv":[13.5,10.5,13.625,10.75],"rotation":0,"texture":"#0","tintindex":0},"south":{"uv":[13.5,10.875,13.625,11.125],"rotation":0,"texture":"#0","tintindex":0},"north":{"uv":[9.5,13.5,9.625,13.75],"rotation":0,"texture":"#0","tintindex":0},"west":{"uv":[13.5,11.25,13.625,11.5],"rotation":0,"texture":"#0","tintindex":0},"up":{"uv":[7.0,13.875,6.875,13.75],"rotation":0,"texture":"#0","tintindex":0},"down":{"uv":[13.875,7.0,13.75,7.125],"rotation":0,"texture":"#0","tintindex":0}}}],"display":{"head":{"translation":[0.0,-6.4,0.0],"scale":[4.0,4.0,4.0]}}}