{"sources":[{"source":"entity","prefix":"entity/","type":"directory"},{"resource":"minecraft:toffy/crates/toffy_crate_black","sprite":"minecraft:toffy/crates/toffy_crate_black","type":"single"},{"resource":"minecraft:toffy/crates/toffy_crate_blue","sprite":"minecraft:toffy/crates/toffy_crate_blue","type":"single"},{"resource":"minecraft:toffy/crates/toffy_crate_cinder","sprite":"minecraft:toffy/crates/toffy_crate_cinder","type":"single"},{"resource":"minecraft:toffy/crates/toffy_crate_green","sprite":"minecraft:toffy/crates/toffy_crate_green","type":"single"},{"resource":"minecraft:toffy/crates/toffy_crate_purple","sprite":"minecraft:toffy/crates/toffy_crate_purple","type":"single"},{"resource":"minecraft:toffy/crates/toffy_crate_red","sprite":"minecraft:toffy/crates/toffy_crate_red","type":"single"},{"resource":"minecraft:toffy/crates/toffy_crate_viking","sprite":"minecraft:toffy/crates/toffy_crate_viking","type":"single"},{"resource":"minecraft:toffy/crates/toffy_key_black","sprite":"minecraft:toffy/crates/toffy_key_black","type":"single"},{"resource":"minecraft:toffy/crates/toffy_key_blue","sprite":"minecraft:toffy/crates/toffy_key_blue","type":"single"},{"resource":"minecraft:toffy/crates/toffy_key_cinder","sprite":"minecraft:toffy/crates/toffy_key_cinder","type":"single"},{"resource":"minecraft:toffy/crates/toffy_key_green","sprite":"minecraft:toffy/crates/toffy_key_green","type":"single"},{"resource":"minecraft:toffy/crates/toffy_key_paladin","sprite":"minecraft:toffy/crates/toffy_key_paladin","type":"single"},{"resource":"minecraft:toffy/crates/toffy_key_purple","sprite":"minecraft:toffy/crates/toffy_key_purple","type":"single"},{"resource":"minecraft:toffy/crates/toffy_key_red","sprite":"minecraft:toffy/crates/toffy_key_red","type":"single"},{"resource":"minecraft:toffy/crates/toffy_key_viking","sprite":"minecraft:toffy/crates/toffy_key_viking","type":"single"}]}