{"textures":{"0":"modelengine:entity/wolfebersahd"},"elements":[{"from":[3.7601128,15.136177,1.690836],"to":[12.331541,23.707607,5.1194077],"rotation":{"angle":0.0,"axis":"y","origin":[7.188684,8.279034,21.690838]},"faces":{"east":{"uv":[4.6375,9.5125,5.3625,11.3625],"rotation":0,"texture":"#0","tintindex":0},"south":{"uv":[3.2625,1.8875,5.1125,3.7375],"rotation":0,"texture":"#0","tintindex":0},"north":{"uv":[3.2625,0.0125,5.1125,1.8625],"rotation":0,"texture":"#0","tintindex":0},"west":{"uv":[0.0125,10.0125,0.7375,11.8625],"rotation":0,"texture":"#0","tintindex":0},"up":{"uv":[11.8625,2.9875,10.0125,2.2625],"rotation":0,"texture":"#0","tintindex":0},"down":{"uv":[11.8625,3.0125,10.0125,3.7375],"rotation":0,"texture":"#0","tintindex":0}}},{"from":[5.188684,15.99332,10.8336935],"to":[10.90297,22.279034,12.547979],"rotation":{"angle":0.0,"axis":"y","origin":[7.4743986,7.9933195,29.11941]},"faces":{"east":{"uv":[1.5125,4.0125,1.8625,5.3625],"rotation":0,"texture":"#0","tintindex":0},"south":{"uv":[8.7625,2.7625,9.9875,4.1125],"rotation":0,"texture":"#0","tintindex":0},"north":{"uv":[8.6375,1.3875,9.8625,2.7375],"rotation":0,"texture":"#0","tintindex":0},"west":{"uv":[2.3875,13.6375,2.7375,14.9875],"rotation":0,"texture":"#0","tintindex":0},"up":{"uv":[14.6125,4.3625,13.3875,4.0125],"rotation":0,"texture":"#0","tintindex":0},"down":{"uv":[14.7375,10.6375,13.5125,10.9875],"rotation":0,"texture":"#0","tintindex":0}}},{"from":[5.760113,16.564749,5.1194077],"to":[10.331541,21.707607,10.8336935],"rotation":{"angle":0.0,"axis":"y","origin":[7.4743986,7.9933195,23.405123]},"faces":{"east":{"uv":[10.0125,6.1375,11.2375,7.2375],"rotation":0,"texture":"#0","tintindex":0},"south":{"uv":[12.2625,9.1375,13.2375,10.2375],"rotation":0,"texture":"#0","tintindex":0},"north":{"uv":[2.8875,12.2625,3.8625,13.3625],"rotation":0,"texture":"#0","tintindex":0},"west":{"uv":[10.3875,7.2625,11.6125,8.3625],"rotation":0,"texture":"#0","tintindex":0},"up":{"uv":[8.3625,13.2375,7.3875,12.0125],"rotation":0,"texture":"#0","tintindex":0},"down":{"uv":[6.1125,12.1375,5.1375,13.3625],"rotation":0,"texture":"#0","tintindex":0}}},{"from":[6.90297,13.707605,6.8336935],"to":[9.188684,23.421892,9.119408],"rotation":{"angle":0.0,"axis":"y","origin":[7.4743986,9.707605,23.405123]},"faces":{"east":{"uv":[10.6375,12.8875,11.1125,14.9875],"rotation":0,"texture":"#0","tintindex":0},"south":{"uv":[11.1375,12.8875,11.6125,14.9875],"rotation":0,"texture":"#0","tintindex":0},"north":{"uv":[10.1375,12.6375,10.6125,14.7375],"rotation":0,"texture":"#0","tintindex":0},"west":{"uv":[12.8875,11.1375,13.3625,13.2375],"rotation":0,"texture":"#0","tintindex":0},"up":{"uv":[8.6125,15.1125,8.1375,14.6375],"rotation":0,"texture":"#0","tintindex":0},"down":{"uv":[15.1125,12.0125,14.6375,12.4875],"rotation":0,"texture":"#0","tintindex":0}}},{"from":[7.188684,-8.57811,7.1194077],"to":[8.902969,13.707605,8.8336935],"rotation":{"angle":0.0,"axis":"y","origin":[7.188684,-0.0066804886,23.119408]},"faces":{"east":{"uv":[1.7625,8.7625,2.1125,13.6125],"rotation":0,"texture":"#0","tintindex":0},"south":{"uv":[2.1375,8.7625,2.4875,13.6125],"rotation":0,"texture":"#0","tintindex":0},"north":{"uv":[1.3875,8.7625,1.7375,13.6125],"rotation":0,"texture":"#0","tintindex":0},"west":{"uv":[2.5125,8.7625,2.8625,13.6125],"rotation":0,"texture":"#0","tintindex":0},"up":{"uv":[6.9875,15.2375,6.6375,14.8875],"rotation":0,"texture":"#0","tintindex":0},"down":{"uv":[15.2375,6.8875,14.8875,7.2375],"rotation":0,"texture":"#0","tintindex":0}}}],"display":{"head":{"translation":[0.0,-6.4,0.0],"scale":[4.0,4.0,4.0]}}}