{"textures":{"0":"modelengine:entity/wolfebersahd"},"elements":[{"from":[7.714286,5.428571,8.0],"to":[7.714286,10.571428,13.142858],"rotation":{"angle":0.0,"axis":"y","origin":[8.0,8.0,9.714286]},"faces":{"east":{"uv":[12.9875,2.2625,11.8875,3.3625],"rotation":0,"texture":"#0","tintindex":0},"south":{"uv":[0.0125,0.0125,0.0125,1.1125],"rotation":0,"texture":"#0","tintindex":0},"north":{"uv":[0.0125,0.0125,0.0125,1.1125],"rotation":0,"texture":"#0","tintindex":0},"west":{"uv":[11.8875,2.2625,12.9875,3.3625],"rotation":0,"texture":"#0","tintindex":0},"up":{"uv":[0.0125,1.1125,0.0125,0.0125],"rotation":0,"texture":"#0","tintindex":0},"down":{"uv":[0.0125,0.0125,0.0125,1.1125],"rotation":0,"texture":"#0","tintindex":0}}},{"from":[5.3982077,8.072345,8.0],"to":[10.541065,8.072345,13.142858],"rotation":{"angle":0.0,"axis":"y","origin":[7.9696364,8.072345,10.571428]},"faces":{"east":{"uv":[0.0125,0.0125,0.0125,1.1125],"rotation":270,"texture":"#0","tintindex":0},"south":{"uv":[0.0125,0.0125,0.0125,1.1125],"rotation":270,"texture":"#0","tintindex":0},"north":{"uv":[0.0125,0.0125,0.0125,1.1125],"rotation":90,"texture":"#0","tintindex":0},"west":{"uv":[0.0125,1.1125,0.0125,0.0125],"rotation":270,"texture":"#0","tintindex":0},"up":{"uv":[12.9875,2.2625,11.8875,3.3625],"rotation":270,"texture":"#0","tintindex":0},"down":{"uv":[11.8875,2.2625,12.9875,3.3625],"rotation":270,"texture":"#0","tintindex":0}}}],"display":{"head":{"translation":[0.0,-6.4,0.0],"scale":[4.0,4.0,4.0]}}}