{"textures":{"0":"minecraft:toffy/crates/toffy_crate_viking"},"elements":[{"from":[7.058217,8.582349,8.557143],"to":[8.201075,12.010921,9.7],"rotation":{"angle":-22.5,"axis":"z","origin":[7.4439316,9.91092,9.1285715]},"faces":{"east":{"uv":[2.875,7.3125,3.0,7.6875],"rotation":0,"texture":"#0","tintindex":0},"south":{"uv":[0.3125,7.5,0.4375,7.875],"rotation":0,"texture":"#0","tintindex":0},"north":{"uv":[4.4375,2.0,4.5625,2.375],"rotation":0,"texture":"#0","tintindex":0},"west":{"uv":[0.5,7.5,0.625,7.875],"rotation":0,"texture":"#0","tintindex":0},"up":{"uv":[7.8125,5.125,7.6875,5.0],"rotation":0,"texture":"#0","tintindex":0},"down":{"uv":[7.8125,7.1875,7.6875,7.3125],"rotation":0,"texture":"#0","tintindex":0}}},{"from":[6.5714283,8.571428,8.285714],"to":[8.285714,9.142858,10.0],"rotation":{"angle":0.0,"axis":"y","origin":[8.0,8.0,8.0]},"faces":{"east":{"uv":[6.125,4.625,6.3125,4.6875],"rotation":0,"texture":"#0","tintindex":0},"south":{"uv":[7.375,5.4375,7.5625,5.5],"rotation":0,"texture":"#0","tintindex":0},"north":{"uv":[2.5,4.5,2.6875,4.5625],"rotation":0,"texture":"#0","tintindex":0},"west":{"uv":[1.3125,7.875,1.5,7.9375],"rotation":0,"texture":"#0","tintindex":0},"up":{"uv":[7.6875,0.75,7.5,0.5625],"rotation":0,"texture":"#0","tintindex":0},"down":{"uv":[7.6875,1.8125,7.5,2.0],"rotation":0,"texture":"#0","tintindex":0}}},{"from":[6.285714,8.0,8.0],"to":[8.571428,8.571428,10.285714],"rotation":{"angle":0.0,"axis":"y","origin":[8.0,8.0,8.0]},"faces":{"east":{"uv":[7.6875,7.375,7.9375,7.4375],"rotation":0,"texture":"#0","tintindex":0},"south":{"uv":[7.6875,7.5,7.9375,7.5625],"rotation":0,"texture":"#0","tintindex":0},"north":{"uv":[5.1875,3.125,5.4375,3.1875],"rotation":0,"texture":"#0","tintindex":0},"west":{"uv":[7.6875,7.625,7.9375,7.6875],"rotation":0,"texture":"#0","tintindex":0},"up":{"uv":[1.3125,2.25,1.0625,2.0],"rotation":0,"texture":"#0","tintindex":0},"down":{"uv":[2.6875,2.875,2.4375,3.125],"rotation":0,"texture":"#0","tintindex":0}}},{"from":[-0.24929237,11.458474,7.0],"to":[4.322137,13.17276,7.5714283],"rotation":{"angle":-45.0,"axis":"z","origin":[5.464994,10.315618,7.857143]},"faces":{"east":{"uv":[2.5625,7.5,2.625,7.6875],"rotation":0,"texture":"#0","tintindex":0},"south":{"uv":[2.25,6.8125,2.75,7.0],"rotation":0,"texture":"#0","tintindex":0},"north":{"uv":[1.6875,6.8125,2.1875,7.0],"rotation":0,"texture":"#0","tintindex":0},"west":{"uv":[4.625,7.8125,4.6875,8.0],"rotation":0,"texture":"#0","tintindex":0},"up":{"uv":[0.5,3.625,0.0,3.5625],"rotation":0,"texture":"#0","tintindex":0},"down":{"uv":[5.125,3.125,4.625,3.1875],"rotation":0,"texture":"#0","tintindex":0}}},{"from":[4.043497,10.807669,7.0142856],"to":[5.757783,14.23624,7.5714283],"rotation":{"angle":-22.5,"axis":"z","origin":[3.4720683,11.379097,7.857143]},"faces":{"east":{"uv":[2.625,1.9375,2.6875,2.3125],"rotation":0,"texture":"#0","tintindex":0},"south":{"uv":[4.0625,1.5,4.25,1.875],"rotation":0,"texture":"#0","tintindex":0},"north":{"uv":[2.375,1.9375,2.5625,2.3125],"rotation":0,"texture":"#0","tintindex":0},"west":{"uv":[4.3125,1.5,4.375,1.875],"rotation":0,"texture":"#0","tintindex":0},"up":{"uv":[2.0625,7.9375,1.875,7.875],"rotation":0,"texture":"#0","tintindex":0},"down":{"uv":[3.25,7.875,3.0625,7.9375],"rotation":0,"texture":"#0","tintindex":0}}},{"from":[3.7813253,8.9182005,7.028571],"to":[5.495611,10.632486,7.028571],"rotation":{"angle":0.0,"axis":"y","origin":[3.209897,7.775343,7.8714285]},"faces":{"east":{"uv":[1.375,2.0,1.375,2.1875],"rotation":0,"texture":"#0","tintindex":0},"south":{"uv":[4.4375,7.5625,4.625,7.75],"rotation":0,"texture":"#0","tintindex":0},"north":{"uv":[7.5,4.25,7.6875,4.4375],"rotation":0,"texture":"#0","tintindex":0},"west":{"uv":[1.75,4.125,1.75,4.3125],"rotation":0,"texture":"#0","tintindex":0},"up":{"uv":[1.25,2.3125,1.0625,2.3125],"rotation":0,"texture":"#0","tintindex":0},"down":{"uv":[2.625,3.1875,2.4375,3.1875],"rotation":0,"texture":"#0","tintindex":0}}},{"from":[1.3615313,8.9182005,7.042857],"to":[3.075817,10.632486,7.042857],"rotation":{"angle":0.0,"axis":"y","origin":[3.6472454,7.775343,7.885714]},"faces":{"east":{"uv":[4.1875,6.125,4.1875,6.3125],"rotation":0,"texture":"#0","tintindex":0},"south":{"uv":[5.5,7.5625,5.6875,7.75],"rotation":0,"texture":"#0","tintindex":0},"north":{"uv":[7.5625,4.625,7.75,4.8125],"rotation":0,"texture":"#0","tintindex":0},"west":{"uv":[1.375,7.3125,1.375,7.5],"rotation":0,"texture":"#0","tintindex":0},"up":{"uv":[3.625,0.875,3.4375,0.875],"rotation":0,"texture":"#0","tintindex":0},"down":{"uv":[3.875,0.875,3.6875,0.875],"rotation":0,"texture":"#0","tintindex":0}}},{"from":[2.5350056,11.458474,7.0142856],"to":[7.1064343,13.17276,7.5714283],"rotation":{"angle":45.0,"axis":"z","origin":[1.3921485,10.315618,7.857143]},"faces":{"east":{"uv":[0.1875,7.875,0.25,8.0625],"rotation":0,"texture":"#0","tintindex":0},"south":{"uv":[2.8125,6.875,3.3125,7.0625],"rotation":0,"texture":"#0","tintindex":0},"north":{"uv":[6.8125,5.25,7.3125,5.4375],"rotation":0,"texture":"#0","tintindex":0},"west":{"uv":[1.5625,7.875,1.625,8.0625],"rotation":0,"texture":"#0","tintindex":0},"up":{"uv":[6.0625,4.6875,5.5625,4.625],"rotation":0,"texture":"#0","tintindex":0},"down":{"uv":[8.0,6.25,7.5,6.3125],"rotation":0,"texture":"#0","tintindex":0}}},{"from":[1.0993595,10.807669,7.028571],"to":[2.8136454,14.23624,7.5714283],"rotation":{"angle":22.5,"axis":"z","origin":[3.3850737,11.379097,7.857143]},"faces":{"east":{"uv":[1.1875,4.625,1.25,5.0],"rotation":0,"texture":"#0","tintindex":0},"south":{"uv":[3.0625,7.25,3.25,7.625],"rotation":0,"texture":"#0","tintindex":0},"north":{"uv":[1.9375,7.25,2.125,7.625],"rotation":0,"texture":"#0","tintindex":0},"west":{"uv":[0.6875,7.5,0.75,7.875],"rotation":0,"texture":"#0","tintindex":0},"up":{"uv":[8.0625,5.0625,7.875,5.0],"rotation":0,"texture":"#0","tintindex":0},"down":{"uv":[8.0625,6.6875,7.875,6.75],"rotation":0,"texture":"#0","tintindex":0}}},{"from":[-1.3439312,8.582349,8.557143],"to":[-0.2010746,12.010921,9.7],"rotation":{"angle":22.5,"axis":"z","origin":[-0.58678913,9.91092,9.1285715]},"faces":{"east":{"uv":[2.375,7.5,2.5,7.875],"rotation":0,"texture":"#0","tintindex":0},"south":{"uv":[7.5,2.5,7.625,2.875],"rotation":0,"texture":"#0","tintindex":0},"north":{"uv":[2.1875,7.5,2.3125,7.875],"rotation":0,"texture":"#0","tintindex":0},"west":{"uv":[3.3125,7.5,3.4375,7.875],"rotation":0,"texture":"#0","tintindex":0},"up":{"uv":[7.875,0.625,7.75,0.5],"rotation":0,"texture":"#0","tintindex":0},"down":{"uv":[7.875,0.6875,7.75,0.8125],"rotation":0,"texture":"#0","tintindex":0}}},{"from":[-1.4285717,8.571428,8.285714],"to":[0.28571415,9.142858,10.0],"rotation":{"angle":0.0,"axis":"y","origin":[-1.1428576,8.0,8.0]},"faces":{"east":{"uv":[7.875,7.125,8.0625,7.1875],"rotation":0,"texture":"#0","tintindex":0},"south":{"uv":[7.875,7.25,8.0625,7.3125],"rotation":0,"texture":"#0","tintindex":0},"north":{"uv":[7.875,7.0,8.0625,7.0625],"rotation":0,"texture":"#0","tintindex":0},"west":{"uv":[7.6875,7.875,7.875,7.9375],"rotation":0,"texture":"#0","tintindex":0},"up":{"uv":[5.9375,7.75,5.75,7.5625],"rotation":0,"texture":"#0","tintindex":0},"down":{"uv":[6.1875,7.5625,6.0,7.75],"rotation":0,"texture":"#0","tintindex":0}}},{"from":[-1.7142859,8.0,8.0],"to":[0.5714283,8.571428,10.285714],"rotation":{"angle":0.0,"axis":"y","origin":[-1.1428576,8.0,8.0]},"faces":{"east":{"uv":[7.75,1.8125,8.0,1.875],"rotation":0,"texture":"#0","tintindex":0},"south":{"uv":[7.75,1.9375,8.0,2.0],"rotation":0,"texture":"#0","tintindex":0},"north":{"uv":[1.375,7.75,1.625,7.8125],"rotation":0,"texture":"#0","tintindex":0},"west":{"uv":[7.75,4.1875,8.0,4.25],"rotation":0,"texture":"#0","tintindex":0},"up":{"uv":[6.1875,7.5,5.9375,7.25],"rotation":0,"texture":"#0","tintindex":0},"down":{"uv":[6.5,7.25,6.25,7.5],"rotation":0,"texture":"#0","tintindex":0}}},{"from":[-2.8571434,13.531938,6.885474],"to":[9.714286,15.246223,7.456903],"rotation":{"angle":22.5,"axis":"x","origin":[0.5714283,9.531938,5.1711884]},"faces":{"east":{"uv":[2.875,7.9375,2.9375,8.125],"rotation":0,"texture":"#0","tintindex":0},"south":{"uv":[3.6875,5.5625,5.0625,5.75],"rotation":0,"texture":"#0","tintindex":0},"north":{"uv":[5.5625,3.5625,6.9375,3.75],"rotation":0,"texture":"#0","tintindex":0},"west":{"uv":[3.3125,7.9375,3.375,8.125],"rotation":0,"texture":"#0","tintindex":0},"up":{"uv":[4.4375,7.1875,3.0625,7.125],"rotation":0,"texture":"#0","tintindex":0},"down":{"uv":[7.25,7.125,5.875,7.1875],"rotation":0,"texture":"#0","tintindex":0}}},{"from":[-3.4285717,13.794115,7.147646],"to":[10.285714,14.936972,7.7190742],"rotation":{"angle":22.5,"axis":"x","origin":[3.4285712,9.222686,4.8619313]},"faces":{"east":{"uv":[7.375,7.9375,7.4375,8.0625],"rotation":0,"texture":"#0","tintindex":0},"south":{"uv":[0.0,6.0,1.5,6.125],"rotation":0,"texture":"#0","tintindex":0},"north":{"uv":[5.125,5.875,6.625,6.0],"rotation":0,"texture":"#0","tintindex":0},"west":{"uv":[7.5,7.9375,7.5625,8.0625],"rotation":0,"texture":"#0","tintindex":0},"up":{"uv":[7.5625,6.9375,6.0625,6.875],"rotation":0,"texture":"#0","tintindex":0},"down":{"uv":[1.5,6.9375,0.0,7.0],"rotation":0,"texture":"#0","tintindex":0}}},{"from":[-4.000001,13.055863,9.160418],"to":[10.857143,13.627292,10.303274],"rotation":{"angle":-22.5,"axis":"x","origin":[4.285714,13.627292,9.160418]},"faces":{"east":{"uv":[7.9375,7.875,8.0625,7.9375],"rotation":0,"texture":"#0","tintindex":0},"south":{"uv":[6.6875,6.125,8.3125,6.1875],"rotation":0,"texture":"#0","tintindex":0},"north":{"uv":[6.6875,6.0,8.3125,6.0625],"rotation":0,"texture":"#0","tintindex":0},"west":{"uv":[8.0,1.0,8.125,1.0625],"rotation":0,"texture":"#0","tintindex":0},"up":{"uv":[7.1875,5.1875,5.5625,5.0625],"rotation":0,"texture":"#0","tintindex":0},"down":{"uv":[7.25,1.6875,5.625,1.8125],"rotation":0,"texture":"#0","tintindex":0}}},{"from":[-4.000001,13.627292,9.160418],"to":[10.857143,14.198721,13.088989],"rotation":{"angle":-22.5,"axis":"x","origin":[4.285714,13.627292,9.160418]},"faces":{"east":{"uv":[0.5625,3.5625,1.0,3.625],"rotation":0,"texture":"#0","tintindex":0},"south":{"uv":[6.6875,5.875,8.3125,5.9375],"rotation":0,"texture":"#0","tintindex":0},"north":{"uv":[2.5,4.625,4.125,4.6875],"rotation":0,"texture":"#0","tintindex":0},"west":{"uv":[1.3125,4.375,1.75,4.4375],"rotation":0,"texture":"#0","tintindex":0},"up":{"uv":[4.0,1.375,2.375,0.9375],"rotation":0,"texture":"#0","tintindex":0},"down":{"uv":[2.6875,2.375,1.0625,2.8125],"rotation":0,"texture":"#0","tintindex":0}}},{"from":[-5.1428576,13.055863,10.303274],"to":[12.0,13.627292,12.588989],"rotation":{"angle":-22.5,"axis":"x","origin":[4.285714,13.627292,9.160418]},"faces":{"east":{"uv":[7.8125,3.0,8.0625,3.0625],"rotation":0,"texture":"#0","tintindex":0},"south":{"uv":[1.0,6.5625,2.875,6.625],"rotation":0,"texture":"#0","tintindex":0},"north":{"uv":[6.5,4.5,8.375,4.5625],"rotation":0,"texture":"#0","tintindex":0},"west":{"uv":[7.1875,7.8125,7.4375,7.875],"rotation":0,"texture":"#0","tintindex":0},"up":{"uv":[6.5,2.75,4.625,2.5],"rotation":0,"texture":"#0","tintindex":0},"down":{"uv":[6.5,2.8125,4.625,3.0625],"rotation":0,"texture":"#0","tintindex":0}}},{"from":[-2.285715,13.731017,8.781749],"to":[9.142858,14.873875,12.696034],"rotation":{"angle":-22.5,"axis":"x","origin":[6.857143,16.588161,2.4960341]},"faces":{"east":{"uv":[7.25,6.5625,7.6875,6.6875],"rotation":0,"texture":"#0","tintindex":0},"south":{"uv":[5.125,6.25,6.375,6.375],"rotation":0,"texture":"#0","tintindex":0},"north":{"uv":[6.1875,0.1875,7.4375,0.3125],"rotation":0,"texture":"#0","tintindex":0},"west":{"uv":[0.3125,7.3125,0.75,7.4375],"rotation":0,"texture":"#0","tintindex":0},"up":{"uv":[1.25,4.5625,0.0,4.125],"rotation":0,"texture":"#0","tintindex":0},"down":{"uv":[5.5,3.25,4.25,3.6875],"rotation":0,"texture":"#0","tintindex":0}}},{"from":[-4.5714293,13.159589,8.781749],"to":[11.428572,13.731017,12.21032],"rotation":{"angle":-22.5,"axis":"x","origin":[6.857143,16.588161,2.4960341]},"faces":{"east":{"uv":[7.5625,4.875,7.9375,4.9375],"rotation":0,"texture":"#0","tintindex":0},"south":{"uv":[6.625,2.1875,8.375,2.25],"rotation":0,"texture":"#0","tintindex":0},"north":{"uv":[6.625,2.0625,8.375,2.125],"rotation":0,"texture":"#0","tintindex":0},"west":{"uv":[7.625,6.875,8.0,6.9375],"rotation":0,"texture":"#0","tintindex":0},"up":{"uv":[3.75,3.625,2.0,3.25],"rotation":0,"texture":"#0","tintindex":0},"down":{"uv":[5.1875,0.0,3.4375,0.375],"rotation":0,"texture":"#0","tintindex":0}}},{"from":[-3.4285717,16.123325,6.509177],"to":[10.285714,17.837612,7.0806055],"rotation":{"angle":22.5,"axis":"x","origin":[5.714286,9.837611,4.2234626]},"faces":{"east":{"uv":[1.6875,7.9375,1.75,8.125],"rotation":0,"texture":"#0","tintindex":0},"south":{"uv":[3.6875,5.3125,5.1875,5.5],"rotation":0,"texture":"#0","tintindex":0},"north":{"uv":[2.125,5.3125,3.625,5.5],"rotation":0,"texture":"#0","tintindex":0},"west":{"uv":[7.9375,2.5,8.0,2.6875],"rotation":0,"texture":"#0","tintindex":0},"up":{"uv":[6.25,6.6875,4.75,6.625],"rotation":0,"texture":"#0","tintindex":0},"down":{"uv":[6.0,6.875,4.5,6.9375],"rotation":0,"texture":"#0","tintindex":0}}},{"from":[-1.7142859,14.674795,6.0283313],"to":[8.571428,18.674793,7.1711884],"rotation":{"angle":22.5,"axis":"x","origin":[6.857143,10.674794,4.314046]},"faces":{"east":{"uv":[0.8125,7.3125,0.9375,7.75],"rotation":0,"texture":"#0","tintindex":0},"south":{"uv":[1.3125,4.5,2.4375,4.9375],"rotation":0,"texture":"#0","tintindex":0},"north":{"uv":[4.4375,1.5,5.5625,1.9375],"rotation":0,"texture":"#0","tintindex":0},"west":{"uv":[1.0,7.3125,1.125,7.75],"rotation":0,"texture":"#0","tintindex":0},"up":{"uv":[7.5,3.4375,6.375,3.3125],"rotation":0,"texture":"#0","tintindex":0},"down":{"uv":[7.5,4.625,6.375,4.75],"rotation":0,"texture":"#0","tintindex":0}}},{"from":[-5.714287,16.57143,12.0],"to":[12.571428,17.142857,13.714286],"rotation":{"angle":0.0,"axis":"y","origin":[12.428572,18.0,12.857143]},"faces":{"east":{"uv":[2.625,7.9375,2.8125,8.0],"rotation":0,"texture":"#0","tintindex":0},"south":{"uv":[6.3125,6.4375,8.3125,6.5],"rotation":0,"texture":"#0","tintindex":0},"north":{"uv":[6.0625,5.75,8.0625,5.8125],"rotation":0,"texture":"#0","tintindex":0},"west":{"uv":[7.9375,2.75,8.125,2.8125],"rotation":0,"texture":"#0","tintindex":0},"up":{"uv":[7.125,1.0625,5.125,0.875],"rotation":0,"texture":"#0","tintindex":0},"down":{"uv":[7.125,1.125,5.125,1.3125],"rotation":0,"texture":"#0","tintindex":0}}},{"from":[11.348572,17.042,12.014286],"to":[13.062857,18.184856,13.700001],"rotation":{"angle":-22.5,"axis":"z","origin":[11.634286,18.042,8.857143]},"faces":{"east":{"uv":[1.3125,6.375,1.5,6.5],"rotation":0,"texture":"#0","tintindex":0},"south":{"uv":[1.9375,7.6875,2.125,7.8125],"rotation":0,"texture":"#0","tintindex":0},"north":{"uv":[0.9375,5.125,1.125,5.25],"rotation":0,"texture":"#0","tintindex":0},"west":{"uv":[7.6875,2.5,7.875,2.625],"rotation":0,"texture":"#0","tintindex":0},"up":{"uv":[7.4375,7.75,7.25,7.5625],"rotation":0,"texture":"#0","tintindex":0},"down":{"uv":[0.1875,7.625,0.0,7.8125],"rotation":0,"texture":"#0","tintindex":0}}},{"from":[11.92,18.184856,12.285715],"to":[13.062857,19.327715,13.428572],"rotation":{"angle":-22.5,"axis":"z","origin":[11.634286,18.042,8.857143]},"faces":{"east":{"uv":[7.8125,4.625,7.9375,4.75],"rotation":0,"texture":"#0","tintindex":0},"south":{"uv":[7.8125,5.1875,7.9375,5.3125],"rotation":0,"texture":"#0","tintindex":0},"north":{"uv":[4.4375,7.8125,4.5625,7.9375],"rotation":0,"texture":"#0","tintindex":0},"west":{"uv":[7.8125,5.375,7.9375,5.5],"rotation":0,"texture":"#0","tintindex":0},"up":{"uv":[5.625,7.9375,5.5,7.8125],"rotation":0,"texture":"#0","tintindex":0},"down":{"uv":[7.9375,5.5625,7.8125,5.6875],"rotation":0,"texture":"#0","tintindex":0}}},{"from":[12.491428,19.327715,12.571428],"to":[13.062857,20.470572,13.142858],"rotation":{"angle":-22.5,"axis":"z","origin":[11.634286,18.042,8.857143]},"faces":{"east":{"uv":[7.5,0.1875,7.5625,0.3125],"rotation":0,"texture":"#0","tintindex":0},"south":{"uv":[7.9375,3.75,8.0,3.875],"rotation":0,"texture":"#0","tintindex":0},"north":{"uv":[1.4375,6.1875,1.5,6.3125],"rotation":0,"texture":"#0","tintindex":0},"west":{"uv":[4.1875,7.9375,4.25,8.0625],"rotation":0,"texture":"#0","tintindex":0},"up":{"uv":[3.375,6.0625,3.3125,6.0],"rotation":0,"texture":"#0","tintindex":0},"down":{"uv":[1.625,6.9375,1.5625,7.0],"rotation":0,"texture":"#0","tintindex":0}}},{"from":[-6.205715,17.042,12.014286],"to":[-4.4914293,18.184856,13.700001],"rotation":{"angle":22.5,"axis":"z","origin":[-4.7771435,18.042,8.857143]},"faces":{"east":{"uv":[3.0625,7.6875,3.25,7.8125],"rotation":0,"texture":"#0","tintindex":0},"south":{"uv":[7.6875,3.125,7.875,3.25],"rotation":0,"texture":"#0","tintindex":0},"north":{"uv":[7.6875,2.6875,7.875,2.8125],"rotation":0,"texture":"#0","tintindex":0},"west":{"uv":[7.6875,3.75,7.875,3.875],"rotation":0,"texture":"#0","tintindex":0},"up":{"uv":[7.8125,0.1875,7.625,0.0],"rotation":0,"texture":"#0","tintindex":0},"down":{"uv":[7.8125,0.25,7.625,0.4375],"rotation":0,"texture":"#0","tintindex":0}}},{"from":[-6.205715,18.184856,12.285715],"to":[-5.0628576,19.327715,13.428572],"rotation":{"angle":22.5,"axis":"z","origin":[-4.7771435,18.042,8.857143]},"faces":{"east":{"uv":[5.875,7.8125,6.0,7.9375],"rotation":0,"texture":"#0","tintindex":0},"south":{"uv":[6.0625,7.8125,6.1875,7.9375],"rotation":0,"texture":"#0","tintindex":0},"north":{"uv":[5.6875,7.8125,5.8125,7.9375],"rotation":0,"texture":"#0","tintindex":0},"west":{"uv":[6.25,7.8125,6.375,7.9375],"rotation":0,"texture":"#0","tintindex":0},"up":{"uv":[6.5625,7.9375,6.4375,7.8125],"rotation":0,"texture":"#0","tintindex":0},"down":{"uv":[6.75,7.8125,6.625,7.9375],"rotation":0,"texture":"#0","tintindex":0}}},{"from":[-6.205715,19.327715,12.571428],"to":[-5.634287,20.470572,13.142858],"rotation":{"angle":22.5,"axis":"z","origin":[-4.7771435,18.042,8.857143]},"faces":{"east":{"uv":[4.75,7.9375,4.8125,8.0625],"rotation":0,"texture":"#0","tintindex":0},"south":{"uv":[4.875,7.9375,4.9375,8.0625],"rotation":0,"texture":"#0","tintindex":0},"north":{"uv":[4.3125,7.9375,4.375,8.0625],"rotation":0,"texture":"#0","tintindex":0},"west":{"uv":[5.0,7.9375,5.0625,8.0625],"rotation":0,"texture":"#0","tintindex":0},"up":{"uv":[7.375,7.1875,7.3125,7.125],"rotation":0,"texture":"#0","tintindex":0},"down":{"uv":[3.25,8.0,3.1875,8.0625],"rotation":0,"texture":"#0","tintindex":0}}},{"from":[-6.285715,14.3714285,11.714286],"to":[13.142858,14.942858,13.428572],"rotation":{"angle":0.0,"axis":"y","origin":[14.714286,15.8,12.571428]},"faces":{"east":{"uv":[7.9375,3.125,8.125,3.1875],"rotation":0,"texture":"#0","tintindex":0},"south":{"uv":[5.8125,2.375,7.9375,2.4375],"rotation":0,"texture":"#0","tintindex":0},"north":{"uv":[5.25,0.75,7.375,0.8125],"rotation":0,"texture":"#0","tintindex":0},"west":{"uv":[3.4375,7.9375,3.625,8.0],"rotation":0,"texture":"#0","tintindex":0},"up":{"uv":[3.3125,5.25,1.1875,5.0625],"rotation":0,"texture":"#0","tintindex":0},"down":{"uv":[5.5,5.0625,3.375,5.25],"rotation":0,"texture":"#0","tintindex":0}}},{"from":[12.272749,14.885497,12.0],"to":[13.415606,15.456926,13.142858],"rotation":{"angle":-22.5,"axis":"z","origin":[11.987035,15.314069,8.571428]},"faces":{"east":{"uv":[5.125,7.9375,5.25,8.0],"rotation":0,"texture":"#0","tintindex":0},"south":{"uv":[5.3125,7.9375,5.4375,8.0],"rotation":0,"texture":"#0","tintindex":0},"north":{"uv":[5.625,1.875,5.75,1.9375],"rotation":0,"texture":"#0","tintindex":0},"west":{"uv":[7.1875,7.9375,7.3125,8.0],"rotation":0,"texture":"#0","tintindex":0},"up":{"uv":[6.9375,7.9375,6.8125,7.8125],"rotation":0,"texture":"#0","tintindex":0},"down":{"uv":[7.125,7.8125,7.0,7.9375],"rotation":0,"texture":"#0","tintindex":0}}},{"from":[12.844177,15.456926,12.285715],"to":[13.415606,16.028355,12.857143],"rotation":{"angle":-22.5,"axis":"z","origin":[11.987035,15.314069,8.571428]},"faces":{"east":{"uv":[8.0,4.75,8.0625,4.8125],"rotation":0,"texture":"#0","tintindex":0},"south":{"uv":[8.0,4.875,8.0625,4.9375],"rotation":0,"texture":"#0","tintindex":0},"north":{"uv":[8.0,4.625,8.0625,4.6875],"rotation":0,"texture":"#0","tintindex":0},"west":{"uv":[8.0,5.125,8.0625,5.1875],"rotation":0,"texture":"#0","tintindex":0},"up":{"uv":[8.0625,5.3125,8.0,5.25],"rotation":0,"texture":"#0","tintindex":0},"down":{"uv":[8.0625,5.375,8.0,5.4375],"rotation":0,"texture":"#0","tintindex":0}}},{"from":[-6.558464,14.885497,12.0],"to":[-5.4156065,15.456926,13.142858],"rotation":{"angle":22.5,"axis":"z","origin":[-5.1298923,15.314069,8.571428]},"faces":{"east":{"uv":[1.25,8.0,1.375,8.0625],"rotation":0,"texture":"#0","tintindex":0},"south":{"uv":[1.8125,8.0,1.9375,8.0625],"rotation":0,"texture":"#0","tintindex":0},"north":{"uv":[1.0625,8.0,1.1875,8.0625],"rotation":0,"texture":"#0","tintindex":0},"west":{"uv":[8.0,2.3125,8.125,2.375],"rotation":0,"texture":"#0","tintindex":0},"up":{"uv":[0.125,8.0,0.0,7.875],"rotation":0,"texture":"#0","tintindex":0},"down":{"uv":[8.0,0.0,7.875,0.125],"rotation":0,"texture":"#0","tintindex":0}}},{"from":[-6.558464,15.456926,12.285715],"to":[-5.987035,16.028355,12.857143],"rotation":{"angle":22.5,"axis":"z","origin":[-5.1298923,15.314069,8.571428]},"faces":{"east":{"uv":[8.0,5.5,8.0625,5.5625],"rotation":0,"texture":"#0","tintindex":0},"south":{"uv":[5.625,8.0,5.6875,8.0625],"rotation":0,"texture":"#0","tintindex":0},"north":{"uv":[5.5,8.0,5.5625,8.0625],"rotation":0,"texture":"#0","tintindex":0},"west":{"uv":[8.0,5.625,8.0625,5.6875],"rotation":0,"texture":"#0","tintindex":0},"up":{"uv":[5.8125,8.0625,5.75,8.0],"rotation":0,"texture":"#0","tintindex":0},"down":{"uv":[5.9375,8.0,5.875,8.0625],"rotation":0,"texture":"#0","tintindex":0}}},{"from":[-2.285715,13.731017,12.446823],"to":[9.142858,14.873875,16.361109],"rotation":{"angle":22.5,"axis":"x","origin":[6.857143,16.588161,22.646824]},"faces":{"east":{"uv":[7.6875,6.5625,7.25,6.6875],"rotation":0,"texture":"#0","tintindex":0},"south":{"uv":[7.4375,0.1875,6.1875,0.3125],"rotation":0,"texture":"#0","tintindex":0},"north":{"uv":[6.375,6.25,5.125,6.375],"rotation":0,"texture":"#0","tintindex":0},"west":{"uv":[0.75,7.3125,0.3125,7.4375],"rotation":0,"texture":"#0","tintindex":0},"up":{"uv":[1.25,4.125,0.0,4.5625],"rotation":0,"texture":"#0","tintindex":0},"down":{"uv":[5.5,3.6875,4.25,3.25],"rotation":0,"texture":"#0","tintindex":0}}},{"from":[-4.5714293,13.159589,12.932537],"to":[11.428572,13.731017,16.361109],"rotation":{"angle":22.5,"axis":"x","origin":[6.857143,16.588161,22.646824]},"faces":{"east":{"uv":[7.9375,4.875,7.5625,4.9375],"rotation":0,"texture":"#0","tintindex":0},"south":{"uv":[8.375,2.0625,6.625,2.125],"rotation":0,"texture":"#0","tintindex":0},"north":{"uv":[8.375,2.1875,6.625,2.25],"rotation":0,"texture":"#0","tintindex":0},"west":{"uv":[8.0,6.875,7.625,6.9375],"rotation":0,"texture":"#0","tintindex":0},"up":{"uv":[3.75,3.25,2.0,3.625],"rotation":0,"texture":"#0","tintindex":0},"down":{"uv":[5.1875,0.375,3.4375,0.0],"rotation":0,"texture":"#0","tintindex":0}}},{"from":[-3.4285717,16.123325,18.062252],"to":[10.285714,17.837612,18.63368],"rotation":{"angle":-22.5,"axis":"x","origin":[5.714286,9.837611,20.919395]},"faces":{"east":{"uv":[1.75,7.9375,1.6875,8.125],"rotation":0,"texture":"#0","tintindex":0},"south":{"uv":[3.625,5.3125,2.125,5.5],"rotation":0,"texture":"#0","tintindex":0},"north":{"uv":[5.1875,5.3125,3.6875,5.5],"rotation":0,"texture":"#0","tintindex":0},"west":{"uv":[8.0,2.5,7.9375,2.6875],"rotation":0,"texture":"#0","tintindex":0},"up":{"uv":[6.25,6.625,4.75,6.6875],"rotation":0,"texture":"#0","tintindex":0},"down":{"uv":[6.0,6.9375,4.5,6.875],"rotation":0,"texture":"#0","tintindex":0}}},{"from":[-1.7142859,14.674795,17.971668],"to":[8.571428,18.674793,19.114527],"rotation":{"angle":-22.5,"axis":"x","origin":[6.857143,10.674794,20.828812]},"faces":{"east":{"uv":[0.9375,7.3125,0.8125,7.75],"rotation":0,"texture":"#0","tintindex":0},"south":{"uv":[5.5625,1.5,4.4375,1.9375],"rotation":0,"texture":"#0","tintindex":0},"north":{"uv":[2.4375,4.5,1.3125,4.9375],"rotation":0,"texture":"#0","tintindex":0},"west":{"uv":[1.125,7.3125,1.0,7.75],"rotation":0,"texture":"#0","tintindex":0},"up":{"uv":[7.5,3.3125,6.375,3.4375],"rotation":0,"texture":"#0","tintindex":0},"down":{"uv":[7.5,4.75,6.375,4.625],"rotation":0,"texture":"#0","tintindex":0}}},{"from":[-2.8571434,13.531938,17.685955],"to":[9.714286,15.246223,18.257383],"rotation":{"angle":-22.5,"axis":"x","origin":[0.5714283,9.531938,19.971668]},"faces":{"east":{"uv":[2.9375,7.9375,2.875,8.125],"rotation":0,"texture":"#0","tintindex":0},"south":{"uv":[6.9375,3.5625,5.5625,3.75],"rotation":0,"texture":"#0","tintindex":0},"north":{"uv":[5.0625,5.5625,3.6875,5.75],"rotation":0,"texture":"#0","tintindex":0},"west":{"uv":[3.375,7.9375,3.3125,8.125],"rotation":0,"texture":"#0","tintindex":0},"up":{"uv":[4.4375,7.125,3.0625,7.1875],"rotation":0,"texture":"#0","tintindex":0},"down":{"uv":[7.25,7.1875,5.875,7.125],"rotation":0,"texture":"#0","tintindex":0}}},{"from":[-3.4285717,13.794115,17.423782],"to":[10.285714,14.936972,17.995213],"rotation":{"angle":-22.5,"axis":"x","origin":[3.4285712,9.222686,20.280926]},"faces":{"east":{"uv":[7.4375,7.9375,7.375,8.0625],"rotation":0,"texture":"#0","tintindex":0},"south":{"uv":[6.625,5.875,5.125,6.0],"rotation":0,"texture":"#0","tintindex":0},"north":{"uv":[1.5,6.0,0.0,6.125],"rotation":0,"texture":"#0","tintindex":0},"west":{"uv":[7.5625,7.9375,7.5,8.0625],"rotation":0,"texture":"#0","tintindex":0},"up":{"uv":[7.5625,6.875,6.0625,6.9375],"rotation":0,"texture":"#0","tintindex":0},"down":{"uv":[1.5,7.0,0.0,6.9375],"rotation":0,"texture":"#0","tintindex":0}}},{"from":[-4.000001,13.055863,14.839582],"to":[10.857143,13.627292,15.98244],"rotation":{"angle":22.5,"axis":"x","origin":[4.285714,13.627292,15.98244]},"faces":{"east":{"uv":[8.0625,7.875,7.9375,7.9375],"rotation":0,"texture":"#0","tintindex":0},"south":{"uv":[8.3125,6.0,6.6875,6.0625],"rotation":0,"texture":"#0","tintindex":0},"north":{"uv":[8.3125,6.125,6.6875,6.1875],"rotation":0,"texture":"#0","tintindex":0},"west":{"uv":[8.125,1.0,8.0,1.0625],"rotation":0,"texture":"#0","tintindex":0},"up":{"uv":[7.1875,5.0625,5.5625,5.1875],"rotation":0,"texture":"#0","tintindex":0},"down":{"uv":[7.25,1.8125,5.625,1.6875],"rotation":0,"texture":"#0","tintindex":0}}},{"from":[-4.000001,13.627292,12.053869],"to":[10.857143,14.198721,15.98244],"rotation":{"angle":22.5,"axis":"x","origin":[4.285714,13.627292,15.98244]},"faces":{"east":{"uv":[1.0,3.5625,0.5625,3.625],"rotation":0,"texture":"#0","tintindex":0},"south":{"uv":[4.125,4.625,2.5,4.6875],"rotation":0,"texture":"#0","tintindex":0},"north":{"uv":[8.3125,5.875,6.6875,5.9375],"rotation":0,"texture":"#0","tintindex":0},"west":{"uv":[1.75,4.375,1.3125,4.4375],"rotation":0,"texture":"#0","tintindex":0},"up":{"uv":[4.0,0.9375,2.375,1.375],"rotation":0,"texture":"#0","tintindex":0},"down":{"uv":[2.6875,2.8125,1.0625,2.375],"rotation":0,"texture":"#0","tintindex":0}}},{"from":[-5.1428576,13.055863,12.553869],"to":[12.0,13.627292,14.839582],"rotation":{"angle":22.5,"axis":"x","origin":[4.285714,13.627292,15.98244]},"faces":{"east":{"uv":[8.0625,3.0,7.8125,3.0625],"rotation":0,"texture":"#0","tintindex":0},"south":{"uv":[8.375,4.5,6.5,4.5625],"rotation":0,"texture":"#0","tintindex":0},"north":{"uv":[2.875,6.5625,1.0,6.625],"rotation":0,"texture":"#0","tintindex":0},"west":{"uv":[7.4375,7.8125,7.1875,7.875],"rotation":0,"texture":"#0","tintindex":0},"up":{"uv":[6.5,2.5,4.625,2.75],"rotation":0,"texture":"#0","tintindex":0},"down":{"uv":[6.5,3.0625,4.625,2.8125],"rotation":0,"texture":"#0","tintindex":0}}},{"from":[-1.3439312,8.582349,15.442858],"to":[-0.2010746,12.010921,16.585714],"rotation":{"angle":22.5,"axis":"z","origin":[-0.58678913,9.91092,16.014286]},"faces":{"east":{"uv":[2.5,7.5,2.375,7.875],"rotation":0,"texture":"#0","tintindex":0},"south":{"uv":[2.3125,7.5,2.1875,7.875],"rotation":0,"texture":"#0","tintindex":0},"north":{"uv":[7.625,2.5,7.5,2.875],"rotation":0,"texture":"#0","tintindex":0},"west":{"uv":[3.4375,7.5,3.3125,7.875],"rotation":0,"texture":"#0","tintindex":0},"up":{"uv":[7.875,0.5,7.75,0.625],"rotation":0,"texture":"#0","tintindex":0},"down":{"uv":[7.875,0.8125,7.75,0.6875],"rotation":0,"texture":"#0","tintindex":0}}},{"from":[-1.4285717,8.571428,15.142858],"to":[0.28571415,9.142858,16.857143],"rotation":{"angle":0.0,"axis":"y","origin":[-1.1428576,8.0,17.142857]},"faces":{"east":{"uv":[8.0625,7.125,7.875,7.1875],"rotation":0,"texture":"#0","tintindex":0},"south":{"uv":[8.0625,7.0,7.875,7.0625],"rotation":0,"texture":"#0","tintindex":0},"north":{"uv":[8.0625,7.25,7.875,7.3125],"rotation":0,"texture":"#0","tintindex":0},"west":{"uv":[7.875,7.875,7.6875,7.9375],"rotation":0,"texture":"#0","tintindex":0},"up":{"uv":[5.9375,7.5625,5.75,7.75],"rotation":0,"texture":"#0","tintindex":0},"down":{"uv":[6.1875,7.75,6.0,7.5625],"rotation":0,"texture":"#0","tintindex":0}}},{"from":[-1.7142859,8.0,14.857143],"to":[0.5714283,8.571428,17.142857],"rotation":{"angle":0.0,"axis":"y","origin":[-1.1428576,8.0,17.142857]},"faces":{"east":{"uv":[8.0,1.8125,7.75,1.875],"rotation":0,"texture":"#0","tintindex":0},"south":{"uv":[1.625,7.75,1.375,7.8125],"rotation":0,"texture":"#0","tintindex":0},"north":{"uv":[8.0,1.9375,7.75,2.0],"rotation":0,"texture":"#0","tintindex":0},"west":{"uv":[8.0,4.1875,7.75,4.25],"rotation":0,"texture":"#0","tintindex":0},"up":{"uv":[6.1875,7.25,5.9375,7.5],"rotation":0,"texture":"#0","tintindex":0},"down":{"uv":[6.5,7.5,6.25,7.25],"rotation":0,"texture":"#0","tintindex":0}}},{"from":[7.058217,8.582349,15.442858],"to":[8.201075,12.010921,16.585714],"rotation":{"angle":-22.5,"axis":"z","origin":[7.4439316,9.91092,16.014286]},"faces":{"east":{"uv":[3.0,7.3125,2.875,7.6875],"rotation":0,"texture":"#0","tintindex":0},"south":{"uv":[4.5625,2.0,4.4375,2.375],"rotation":0,"texture":"#0","tintindex":0},"north":{"uv":[0.4375,7.5,0.3125,7.875],"rotation":0,"texture":"#0","tintindex":0},"west":{"uv":[0.625,7.5,0.5,7.875],"rotation":0,"texture":"#0","tintindex":0},"up":{"uv":[7.8125,5.0,7.6875,5.125],"rotation":0,"texture":"#0","tintindex":0},"down":{"uv":[7.8125,7.3125,7.6875,7.1875],"rotation":0,"texture":"#0","tintindex":0}}},{"from":[6.5714283,8.571428,15.142858],"to":[8.285714,9.142858,16.857143],"rotation":{"angle":0.0,"axis":"y","origin":[8.0,8.0,17.142857]},"faces":{"east":{"uv":[6.3125,4.625,6.125,4.6875],"rotation":0,"texture":"#0","tintindex":0},"south":{"uv":[2.6875,4.5,2.5,4.5625],"rotation":0,"texture":"#0","tintindex":0},"north":{"uv":[7.5625,5.4375,7.375,5.5],"rotation":0,"texture":"#0","tintindex":0},"west":{"uv":[1.5,7.875,1.3125,7.9375],"rotation":0,"texture":"#0","tintindex":0},"up":{"uv":[7.6875,0.5625,7.5,0.75],"rotation":0,"texture":"#0","tintindex":0},"down":{"uv":[7.6875,2.0,7.5,1.8125],"rotation":0,"texture":"#0","tintindex":0}}},{"from":[6.285714,8.0,14.857143],"to":[8.571428,8.571428,17.142857],"rotation":{"angle":0.0,"axis":"y","origin":[8.0,8.0,17.142857]},"faces":{"east":{"uv":[7.9375,7.375,7.6875,7.4375],"rotation":0,"texture":"#0","tintindex":0},"south":{"uv":[5.4375,3.125,5.1875,3.1875],"rotation":0,"texture":"#0","tintindex":0},"north":{"uv":[7.9375,7.5,7.6875,7.5625],"rotation":0,"texture":"#0","tintindex":0},"west":{"uv":[7.9375,7.625,7.6875,7.6875],"rotation":0,"texture":"#0","tintindex":0},"up":{"uv":[1.3125,2.0,1.0625,2.25],"rotation":0,"texture":"#0","tintindex":0},"down":{"uv":[2.6875,3.125,2.4375,2.875],"rotation":0,"texture":"#0","tintindex":0}}}],"display":{"head":{"translation":[0.0,-6.4,0.0],"scale":[4.0,4.0,4.0]}}}