{"textures":{"0":"modelengine:entity/wolfebersahd"},"elements":[{"from":[8.0,8.0,8.0],"to":[8.571428,8.571428,8.571428],"rotation":{"angle":0.0,"axis":"y","origin":[8.0,8.0,8.0]},"faces":{"east":{"uv":[15.375,9.875,16.0,10.625],"rotation":0,"texture":"#0","tintindex":0},"south":{"uv":[15.375,9.875,16.0,10.625],"rotation":0,"texture":"#0","tintindex":0},"north":{"uv":[15.375,9.875,16.0,10.625],"rotation":0,"texture":"#0","tintindex":0},"west":{"uv":[15.375,9.875,16.0,10.625],"rotation":0,"texture":"#0","tintindex":0},"up":{"uv":[15.375,9.875,16.0,10.625],"rotation":0,"texture":"#0","tintindex":0},"down":{"uv":[15.375,9.875,16.0,10.625],"rotation":0,"texture":"#0","tintindex":0}}}],"display":{"head":{"translation":[0.0,-6.4,0.0],"scale":[4.0,4.0,4.0]}}}