{"textures":{"0":"modelengine:entity/wolfebersahd"},"elements":[{"from":[4.545927,-0.45447826,5.912867],"to":[7.40307,4.11695,10.484296],"rotation":{"angle":0.0,"axis":"y","origin":[5.5714283,1.1428566,9.142858]},"faces":{"east":{"uv":[11.6375,12.8875,12.6125,13.8625],"rotation":0,"texture":"#0","tintindex":0},"south":{"uv":[1.7625,13.6375,2.3625,14.6125],"rotation":0,"texture":"#0","tintindex":0},"north":{"uv":[5.5125,13.3875,6.1125,14.3625],"rotation":0,"texture":"#0","tintindex":0},"west":{"uv":[0.0125,13.0125,0.9875,13.9875],"rotation":0,"texture":"#0","tintindex":0},"up":{"uv":[14.2375,6.4875,13.6375,5.5125],"rotation":0,"texture":"#0","tintindex":0},"down":{"uv":[14.2375,6.5125,13.6375,7.4875],"rotation":0,"texture":"#0","tintindex":0}}},{"from":[3.4936876,4.11695,8.962197],"to":[3.4936876,9.831236,11.819341],"rotation":{"angle":45.0,"axis":"y","origin":[5.5714283,1.1428566,9.142858]},"faces":{"east":{"uv":[13.8625,8.6375,13.2625,9.8625],"rotation":0,"texture":"#0","tintindex":0},"south":{"uv":[0.0125,0.0125,0.0125,1.2375],"rotation":0,"texture":"#0","tintindex":0},"north":{"uv":[0.0125,0.0125,0.0125,1.2375],"rotation":0,"texture":"#0","tintindex":0},"west":{"uv":[13.2625,8.6375,13.8625,9.8625],"rotation":0,"texture":"#0","tintindex":0},"up":{"uv":[0.0125,0.6125,0.0125,0.0125],"rotation":0,"texture":"#0","tintindex":0},"down":{"uv":[0.0125,0.0125,0.0125,0.6125],"rotation":0,"texture":"#0","tintindex":0}}},{"from":[3.9744983,4.11695,4.77001],"to":[7.9744983,9.831236,10.484296],"rotation":{"angle":0.0,"axis":"y","origin":[5.5714283,1.1428566,9.142858]},"faces":{"east":{"uv":[8.7625,6.1375,9.9875,7.3625],"rotation":0,"texture":"#0","tintindex":0},"south":{"uv":[8.3875,12.6375,9.2375,13.8625],"rotation":0,"texture":"#0","tintindex":0},"north":{"uv":[3.8875,12.5125,4.7375,13.7375],"rotation":0,"texture":"#0","tintindex":0},"west":{"uv":[9.1375,7.3875,10.3625,8.6125],"rotation":0,"texture":"#0","tintindex":0},"up":{"uv":[10.1125,13.8625,9.2625,12.6375],"rotation":0,"texture":"#0","tintindex":0},"down":{"uv":[13.6125,6.7625,12.7625,7.9875],"rotation":0,"texture":"#0","tintindex":0}}}],"display":{"head":{"translation":[0.0,-6.4,0.0],"scale":[4.0,4.0,4.0]}}}