{"textures":{"0":"modelengine:entity/wolfebersahd"},"elements":[{"from":[7.142857,8.0,2.8571424],"to":[8.857143,9.714286,8.0],"rotation":{"angle":0.0,"axis":"y","origin":[7.428571,10.285714,6.5714283]},"faces":{"east":{"uv":[13.8875,9.5125,14.9875,9.8625],"rotation":0,"texture":"#0","tintindex":0},"south":{"uv":[13.2625,5.5125,13.6125,5.8625],"rotation":0,"texture":"#0","tintindex":0},"north":{"uv":[13.0125,3.0125,13.3625,3.3625],"rotation":0,"texture":"#0","tintindex":0},"west":{"uv":[12.2625,14.1375,13.3625,14.4875],"rotation":0,"texture":"#0","tintindex":0},"up":{"uv":[14.4875,15.1125,14.1375,14.0125],"rotation":0,"texture":"#0","tintindex":0},"down":{"uv":[3.1125,14.2625,2.7625,15.3625],"rotation":0,"texture":"#0","tintindex":0}}}],"display":{"head":{"translation":[0.0,-6.4,0.0],"scale":[4.0,4.0,4.0]}}}