{"textures":{"0":"modelengine:entity/wolfebersahd"},"elements":[{"from":[5.714286,12.65304,4.4156117],"to":[11.428572,15.510183,4.4156117],"rotation":{"angle":0.0,"axis":"y","origin":[8.571428,18.65304,3.5584688]},"faces":{"east":{"uv":[0.0125,0.0125,0.0125,0.6125],"rotation":0,"texture":"#0","tintindex":0},"south":{"uv":[6.3625,3.0125,5.1375,3.6125],"rotation":0,"texture":"#0","tintindex":0},"north":{"uv":[5.1375,3.0125,6.3625,3.6125],"rotation":0,"texture":"#0","tintindex":0},"west":{"uv":[0.0125,0.0125,0.0125,0.6125],"rotation":0,"texture":"#0","tintindex":0},"up":{"uv":[1.2375,0.0125,0.0125,0.0125],"rotation":0,"texture":"#0","tintindex":0},"down":{"uv":[1.2375,0.0125,0.0125,0.0125],"rotation":0,"texture":"#0","tintindex":0}}},{"from":[5.714286,14.068228,5.3790956],"to":[11.428572,21.4968,9.379095],"rotation":{"angle":22.5,"axis":"x","origin":[8.571428,17.211086,8.521953]},"faces":{"east":{"uv":[2.8875,9.5125,3.7375,11.1125],"rotation":0,"texture":"#0","tintindex":0},"south":{"uv":[4.1375,7.8875,5.3625,9.4875],"rotation":0,"texture":"#0","tintindex":0},"north":{"uv":[2.8875,7.8875,4.1125,9.4875],"rotation":0,"texture":"#0","tintindex":0},"west":{"uv":[3.7625,9.5125,4.6125,11.1125],"rotation":0,"texture":"#0","tintindex":0},"up":{"uv":[13.4875,11.1125,12.2625,10.2625],"rotation":0,"texture":"#0","tintindex":0},"down":{"uv":[13.6125,5.8875,12.3875,6.7375],"rotation":0,"texture":"#0","tintindex":0}}},{"from":[5.714286,22.203875,8.444667],"to":[11.428572,22.203875,13.016096],"rotation":{"angle":-22.5,"axis":"x","origin":[8.571428,23.247465,9.370346]},"faces":{"east":{"uv":[0.0125,0.0125,0.9875,0.0125],"rotation":0,"texture":"#0","tintindex":0},"south":{"uv":[0.0125,0.0125,1.2375,0.0125],"rotation":0,"texture":"#0","tintindex":0},"north":{"uv":[0.0125,0.0125,1.2375,0.0125],"rotation":0,"texture":"#0","tintindex":0},"west":{"uv":[0.0125,0.0125,0.9875,0.0125],"rotation":0,"texture":"#0","tintindex":0},"up":{"uv":[13.2375,5.8625,12.0125,4.8875],"rotation":0,"texture":"#0","tintindex":0},"down":{"uv":[12.0125,4.8875,13.2375,5.8625],"rotation":0,"texture":"#0","tintindex":0}}},{"from":[5.714286,15.878982,13.008466],"to":[11.428572,21.02184,13.008466],"rotation":{"angle":-45.0,"axis":"x","origin":[6.857143,22.506454,9.865608]},"faces":{"east":{"uv":[0.0125,0.0125,0.0125,1.1125],"rotation":0,"texture":"#0","tintindex":0},"south":{"uv":[9.8875,1.1375,11.1125,2.2375],"rotation":0,"texture":"#0","tintindex":0},"north":{"uv":[11.1125,1.1375,9.8875,2.2375],"rotation":0,"texture":"#0","tintindex":0},"west":{"uv":[0.0125,0.0125,0.0125,1.1125],"rotation":0,"texture":"#0","tintindex":0},"up":{"uv":[1.2375,0.0125,0.0125,0.0125],"rotation":0,"texture":"#0","tintindex":0},"down":{"uv":[1.2375,0.0125,0.0125,0.0125],"rotation":0,"texture":"#0","tintindex":0}}},{"from":[4.0,11.782513,7.0933814],"to":[13.142858,20.925371,13.950524],"rotation":{"angle":0.0,"axis":"y","origin":[8.571428,17.211086,8.521953]},"faces":{"east":{"uv":[3.2625,3.7625,4.7375,5.7375],"rotation":0,"texture":"#0","tintindex":0},"south":{"uv":[0.0125,2.0125,1.9875,3.9875],"rotation":0,"texture":"#0","tintindex":0},"north":{"uv":[0.0125,0.0125,1.9875,1.9875],"rotation":0,"texture":"#0","tintindex":0},"west":{"uv":[4.7375,3.7625,3.2625,5.7375],"rotation":0,"texture":"#0","tintindex":0},"up":{"uv":[6.7375,5.2375,4.7625,3.7625],"rotation":0,"texture":"#0","tintindex":0},"down":{"uv":[7.1125,0.0125,5.1375,1.4875],"rotation":0,"texture":"#0","tintindex":0}}},{"from":[4.0,15.428353,15.043378],"to":[13.142858,21.14264,15.043378],"rotation":{"angle":-22.5,"axis":"x","origin":[8.571428,18.285496,15.043378]},"faces":{"east":{"uv":[0.0125,0.0125,0.0125,1.2375],"rotation":0,"texture":"#0","tintindex":0},"south":{"uv":[3.9875,6.0125,2.0125,7.2375],"rotation":0,"texture":"#0","tintindex":0},"north":{"uv":[2.0125,6.0125,3.9875,7.2375],"rotation":0,"texture":"#0","tintindex":0},"west":{"uv":[0.0125,0.0125,0.0125,1.2375],"rotation":0,"texture":"#0","tintindex":0},"up":{"uv":[1.9875,0.0125,0.0125,0.0125],"rotation":0,"texture":"#0","tintindex":0},"down":{"uv":[1.9875,0.0125,0.0125,0.0125],"rotation":0,"texture":"#0","tintindex":0}}},{"from":[5.414213,20.339584,7.0933814],"to":[5.414213,24.339584,13.950524],"rotation":{"angle":-45.0,"axis":"z","origin":[5.414213,22.339584,10.521953]},"faces":{"east":{"uv":[10.3625,10.6375,8.8875,11.4875],"rotation":0,"texture":"#0","tintindex":0},"south":{"uv":[0.0125,0.0125,0.0125,0.8625],"rotation":0,"texture":"#0","tintindex":0},"north":{"uv":[0.0125,0.0125,0.0125,0.8625],"rotation":0,"texture":"#0","tintindex":0},"west":{"uv":[8.8875,10.6375,10.3625,11.4875],"rotation":0,"texture":"#0","tintindex":0},"up":{"uv":[0.0125,1.4875,0.0125,0.0125],"rotation":0,"texture":"#0","tintindex":0},"down":{"uv":[0.0125,0.0125,0.0125,1.4875],"rotation":0,"texture":"#0","tintindex":0}}},{"from":[11.72824,20.339584,7.092977],"to":[11.72824,24.339584,13.950121],"rotation":{"angle":45.0,"axis":"z","origin":[11.72824,22.339584,10.521549]},"faces":{"east":{"uv":[10.3625,10.6375,8.8875,11.4875],"rotation":0,"texture":"#0","tintindex":0},"south":{"uv":[0.0125,0.0125,0.0125,0.8625],"rotation":0,"texture":"#0","tintindex":0},"north":{"uv":[0.0125,0.0125,0.0125,0.8625],"rotation":0,"texture":"#0","tintindex":0},"west":{"uv":[8.8875,10.6375,10.3625,11.4875],"rotation":0,"texture":"#0","tintindex":0},"up":{"uv":[0.0125,1.4875,0.0125,0.0125],"rotation":0,"texture":"#0","tintindex":0},"down":{"uv":[0.0125,0.0125,0.0125,1.4875],"rotation":0,"texture":"#0","tintindex":0}}},{"from":[4.0,21.428778,7.6407375],"to":[13.142858,21.428778,14.497881],"rotation":{"angle":-22.5,"axis":"x","origin":[8.571428,22.2369,10.261187]},"faces":{"east":{"uv":[0.0125,0.0125,1.4875,0.0125],"rotation":0,"texture":"#0","tintindex":0},"south":{"uv":[0.0125,0.0125,1.9875,0.0125],"rotation":0,"texture":"#0","tintindex":0},"north":{"uv":[0.0125,0.0125,1.9875,0.0125],"rotation":0,"texture":"#0","tintindex":0},"west":{"uv":[0.0125,0.0125,1.4875,0.0125],"rotation":0,"texture":"#0","tintindex":0},"up":{"uv":[7.1125,2.9875,5.1375,1.5125],"rotation":0,"texture":"#0","tintindex":0},"down":{"uv":[5.1375,1.5125,7.1125,2.9875],"rotation":0,"texture":"#0","tintindex":0}}},{"from":[5.714286,8.37749,5.8477592],"to":[11.428572,13.520348,10.990616],"rotation":{"angle":22.5,"axis":"x","origin":[8.0,8.37749,7.8477592]},"faces":{"east":{"uv":[6.1375,10.8875,7.2375,11.9875],"rotation":0,"texture":"#0","tintindex":0},"south":{"uv":[9.1375,9.5125,10.3625,10.6125],"rotation":0,"texture":"#0","tintindex":0},"north":{"uv":[9.2625,5.0125,10.4875,6.1125],"rotation":0,"texture":"#0","tintindex":0},"west":{"uv":[7.2375,10.8875,6.1375,11.9875],"rotation":0,"texture":"#0","tintindex":0},"up":{"uv":[7.6125,10.8625,6.3875,9.7625],"rotation":0,"texture":"#0","tintindex":0},"down":{"uv":[8.8625,9.7625,7.6375,10.8625],"rotation":0,"texture":"#0","tintindex":0}}},{"from":[8.571428,8.37749,8.133473],"to":[8.571428,22.091778,13.847759],"rotation":{"angle":22.5,"axis":"x","origin":[8.0,8.37749,7.8477592]},"faces":{"east":{"uv":[2.0125,3.0125,3.2375,5.9875],"rotation":0,"texture":"#0","tintindex":0},"south":{"uv":[0.0125,0.0125,0.0125,2.9875],"rotation":0,"texture":"#0","tintindex":0},"north":{"uv":[0.0125,0.0125,0.0125,2.9875],"rotation":0,"texture":"#0","tintindex":0},"west":{"uv":[2.0125,3.0125,3.2375,5.9875],"rotation":0,"texture":"#0","tintindex":0},"up":{"uv":[0.0125,1.2375,0.0125,0.0125],"rotation":0,"texture":"#0","tintindex":0},"down":{"uv":[0.0125,0.0125,0.0125,1.2375],"rotation":0,"texture":"#0","tintindex":0}}},{"from":[6.857143,6.857143,6.0],"to":[9.714286,9.142858,10.0],"rotation":{"angle":0.0,"axis":"y","origin":[8.0,8.0,8.0]},"faces":{"east":{"uv":[14.1375,11.0125,14.9875,11.4875],"rotation":0,"texture":"#0","tintindex":0},"south":{"uv":[12.8875,14.5125,13.4875,14.9875],"rotation":0,"texture":"#0","tintindex":0},"north":{"uv":[12.2625,14.5125,12.8625,14.9875],"rotation":0,"texture":"#0","tintindex":0},"west":{"uv":[14.1375,11.5125,14.9875,11.9875],"rotation":0,"texture":"#0","tintindex":0},"up":{"uv":[9.9875,14.7375,9.3875,13.8875],"rotation":0,"texture":"#0","tintindex":0},"down":{"uv":[12.2375,13.8875,11.6375,14.7375],"rotation":0,"texture":"#0","tintindex":0}}}],"display":{"head":{"translation":[0.0,-6.4,0.0],"scale":[4.0,4.0,4.0]}}}