{"textures":{"0":"minecraft:toffy/crates/toffy_crate_cinder"},"elements":[{"from":[2.9551826,7.5959373,8.142858],"to":[3.5266113,9.881652,8.714286],"rotation":{"angle":0.0,"axis":"y","origin":[5.5266113,7.8816514,8.142858]},"faces":{"east":{"uv":[11.0,13.25,11.125,13.75],"rotation":0,"texture":"#0","tintindex":0},"south":{"uv":[11.25,13.25,11.375,13.75],"rotation":0,"texture":"#0","tintindex":0},"north":{"uv":[13.25,10.875,13.375,11.375],"rotation":0,"texture":"#0","tintindex":0},"west":{"uv":[11.5,13.25,11.625,13.75],"rotation":0,"texture":"#0","tintindex":0},"up":{"uv":[13.75,13.125,13.625,13.0],"rotation":0,"texture":"#0","tintindex":0},"down":{"uv":[13.625,13.625,13.5,13.75],"rotation":0,"texture":"#0","tintindex":0}}},{"from":[3.142857,9.428572,8.142858],"to":[3.7142854,11.142858,8.714286],"rotation":{"angle":45.0,"axis":"z","origin":[4.5714283,10.285714,8.142858]},"faces":{"east":{"uv":[3.5,13.375,3.625,13.75],"rotation":0,"texture":"#0","tintindex":0},"south":{"uv":[3.75,13.375,3.875,13.75],"rotation":0,"texture":"#0","tintindex":0},"north":{"uv":[13.375,3.25,13.5,3.625],"rotation":0,"texture":"#0","tintindex":0},"west":{"uv":[13.375,3.75,13.5,4.125],"rotation":0,"texture":"#0","tintindex":0},"up":{"uv":[13.875,5.625,13.75,5.5],"rotation":0,"texture":"#0","tintindex":0},"down":{"uv":[13.875,5.75,13.75,5.875],"rotation":0,"texture":"#0","tintindex":0}}},{"from":[4.0,6.787817,8.142858],"to":[4.5714283,9.073531,8.714286],"rotation":{"angle":0.0,"axis":"y","origin":[5.428571,7.64496,8.142858]},"faces":{"east":{"uv":[11.75,13.25,11.875,13.75],"rotation":0,"texture":"#0","tintindex":0},"south":{"uv":[12.0,13.25,12.125,13.75],"rotation":0,"texture":"#0","tintindex":0},"north":{"uv":[13.25,11.5,13.375,12.0],"rotation":0,"texture":"#0","tintindex":0},"west":{"uv":[12.25,13.25,12.375,13.75],"rotation":0,"texture":"#0","tintindex":0},"up":{"uv":[13.875,6.125,13.75,6.0],"rotation":0,"texture":"#0","tintindex":0},"down":{"uv":[13.875,6.25,13.75,6.375],"rotation":0,"texture":"#0","tintindex":0}}},{"from":[3.142857,7.142857,8.142858],"to":[3.7142854,8.857143,8.714286],"rotation":{"angle":45.0,"axis":"z","origin":[4.5714283,8.0,8.142858]},"faces":{"east":{"uv":[2.75,13.375,2.875,13.75],"rotation":0,"texture":"#0","tintindex":0},"south":{"uv":[3.0,13.375,3.125,13.75],"rotation":0,"texture":"#0","tintindex":0},"north":{"uv":[2.5,13.375,2.625,13.75],"rotation":0,"texture":"#0","tintindex":0},"west":{"uv":[3.25,13.375,3.375,13.75],"rotation":0,"texture":"#0","tintindex":0},"up":{"uv":[13.75,12.625,13.625,12.5],"rotation":0,"texture":"#0","tintindex":0},"down":{"uv":[13.75,12.75,13.625,12.875],"rotation":0,"texture":"#0","tintindex":0}}},{"from":[8.0,6.787817,8.142858],"to":[8.571428,9.073531,8.714286],"rotation":{"angle":0.0,"axis":"y","origin":[7.142857,7.64496,8.142858]},"faces":{"east":{"uv":[13.25,10.25,13.375,10.75],"rotation":0,"texture":"#0","tintindex":0},"south":{"uv":[10.5,13.25,10.625,13.75],"rotation":0,"texture":"#0","tintindex":0},"north":{"uv":[10.25,13.25,10.375,13.75],"rotation":0,"texture":"#0","tintindex":0},"west":{"uv":[10.75,13.25,10.875,13.75],"rotation":0,"texture":"#0","tintindex":0},"up":{"uv":[8.375,13.75,8.25,13.625],"rotation":0,"texture":"#0","tintindex":0},"down":{"uv":[13.75,9.375,13.625,9.5],"rotation":0,"texture":"#0","tintindex":0}}},{"from":[8.857143,9.428572,8.142858],"to":[9.428572,11.142858,8.714286],"rotation":{"angle":-45.0,"axis":"z","origin":[8.0,10.285714,8.142858]},"faces":{"east":{"uv":[0.75,13.375,0.875,13.75],"rotation":0,"texture":"#0","tintindex":0},"south":{"uv":[1.0,13.375,1.125,13.75],"rotation":0,"texture":"#0","tintindex":0},"north":{"uv":[0.5,13.375,0.625,13.75],"rotation":0,"texture":"#0","tintindex":0},"west":{"uv":[1.25,13.375,1.375,13.75],"rotation":0,"texture":"#0","tintindex":0},"up":{"uv":[13.75,9.75,13.625,9.625],"rotation":0,"texture":"#0","tintindex":0},"down":{"uv":[13.75,9.875,13.625,10.0],"rotation":0,"texture":"#0","tintindex":0}}},{"from":[9.044817,7.5959373,8.142858],"to":[9.616245,9.881652,8.714286],"rotation":{"angle":0.0,"axis":"y","origin":[7.044817,7.8816514,8.142858]},"faces":{"east":{"uv":[1.0,12.375,1.125,12.875],"rotation":0,"texture":"#0","tintindex":0},"south":{"uv":[9.75,13.125,9.875,13.625],"rotation":0,"texture":"#0","tintindex":0},"north":{"uv":[9.125,2.125,9.25,2.625],"rotation":0,"texture":"#0","tintindex":0},"west":{"uv":[10.0,13.25,10.125,13.75],"rotation":0,"texture":"#0","tintindex":0},"up":{"uv":[7.875,13.75,7.75,13.625],"rotation":0,"texture":"#0","tintindex":0},"down":{"uv":[8.125,13.625,8.0,13.75],"rotation":0,"texture":"#0","tintindex":0}}},{"from":[8.857143,7.142857,8.142858],"to":[9.428572,8.857143,8.714286],"rotation":{"angle":-45.0,"axis":"z","origin":[8.0,8.0,8.142858]},"faces":{"east":{"uv":[1.75,13.375,1.875,13.75],"rotation":0,"texture":"#0","tintindex":0},"south":{"uv":[2.0,13.375,2.125,13.75],"rotation":0,"texture":"#0","tintindex":0},"north":{"uv":[1.5,13.375,1.625,13.75],"rotation":0,"texture":"#0","tintindex":0},"west":{"uv":[2.25,13.375,2.375,13.75],"rotation":0,"texture":"#0","tintindex":0},"up":{"uv":[13.75,12.125,13.625,12.0],"rotation":0,"texture":"#0","tintindex":0},"down":{"uv":[13.75,12.25,13.625,12.375],"rotation":0,"texture":"#0","tintindex":0}}}],"display":{"head":{"translation":[0.0,-6.4,0.0],"scale":[4.0,4.0,4.0]}}}