{"textures":{"1":"modelengine:entity/leather_horse_armor"},"elements":[{"from":[9.499682,3.1183844,7.424015],"to":[9.819683,6.6383843,7.7440147],"rotation":{"angle":0.0,"axis":"y","origin":[5.9796824,7.5983844,7.424015]},"faces":{"east":{"uv":[11.0,3.0,12.0,14.0],"rotation":0,"texture":"#1","tintindex":0},"south":{"uv":[11.0,3.0,12.0,14.0],"rotation":0,"texture":"#1","tintindex":0},"north":{"uv":[11.0,14.0,12.0,3.0],"rotation":180,"texture":"#1","tintindex":0},"west":{"uv":[11.0,3.0,12.0,14.0],"rotation":0,"texture":"#1","tintindex":0},"up":{"uv":[12.0,3.0,11.0,4.0],"rotation":180,"texture":"#1","tintindex":0},"down":{"uv":[11.0,13.0,12.0,14.0],"rotation":0,"texture":"#1","tintindex":0}}},{"from":[9.819683,5.9983845,7.424015],"to":[10.459682,6.3183846,7.7440147],"rotation":{"angle":0.0,"axis":"y","origin":[5.9796824,7.5983844,7.424015]},"faces":{"east":{"uv":[13.0,4.0,14.0,5.0],"rotation":0,"texture":"#1","tintindex":0},"south":{"uv":[12.0,4.0,14.0,5.0],"rotation":0,"texture":"#1","tintindex":0},"north":{"uv":[12.0,5.0,14.0,4.0],"rotation":180,"texture":"#1","tintindex":0},"west":{"uv":[12.0,4.0,13.0,5.0],"rotation":0,"texture":"#1","tintindex":0},"up":{"uv":[14.0,4.0,12.0,5.0],"rotation":180,"texture":"#1","tintindex":0},"down":{"uv":[12.0,4.0,14.0,5.0],"rotation":0,"texture":"#1","tintindex":0}}},{"from":[9.179683,3.1183844,7.424015],"to":[9.499682,5.9983845,7.7440147],"rotation":{"angle":0.0,"axis":"y","origin":[5.9796824,7.5983844,7.424015]},"faces":{"east":{"uv":[10.0,5.0,11.0,14.0],"rotation":0,"texture":"#1","tintindex":0},"south":{"uv":[10.0,5.0,11.0,14.0],"rotation":0,"texture":"#1","tintindex":0},"north":{"uv":[10.0,14.0,11.0,5.0],"rotation":180,"texture":"#1","tintindex":0},"west":{"uv":[10.0,5.0,11.0,14.0],"rotation":0,"texture":"#1","tintindex":0},"up":{"uv":[11.0,5.0,10.0,6.0],"rotation":180,"texture":"#1","tintindex":0},"down":{"uv":[10.0,13.0,11.0,14.0],"rotation":0,"texture":"#1","tintindex":0}}},{"from":[10.139683,5.0383844,7.424015],"to":[10.779682,5.9983845,7.7440147],"rotation":{"angle":0.0,"axis":"y","origin":[5.9796824,7.5983844,7.424015]},"faces":{"east":{"uv":[14.0,5.0,15.0,8.0],"rotation":0,"texture":"#1","tintindex":0},"south":{"uv":[13.0,5.0,15.0,8.0],"rotation":0,"texture":"#1","tintindex":0},"north":{"uv":[13.0,8.0,15.0,5.0],"rotation":180,"texture":"#1","tintindex":0},"west":{"uv":[13.0,5.0,14.0,8.0],"rotation":0,"texture":"#1","tintindex":0},"up":{"uv":[15.0,5.0,13.0,6.0],"rotation":180,"texture":"#1","tintindex":0},"down":{"uv":[13.0,7.0,15.0,8.0],"rotation":0,"texture":"#1","tintindex":0}}},{"from":[8.859683,3.1183844,7.424015],"to":[9.179683,5.6783843,7.7440147],"rotation":{"angle":0.0,"axis":"y","origin":[5.9796824,7.5983844,7.424015]},"faces":{"east":{"uv":[9.0,6.0,10.0,14.0],"rotation":0,"texture":"#1","tintindex":0},"south":{"uv":[9.0,6.0,10.0,14.0],"rotation":0,"texture":"#1","tintindex":0},"north":{"uv":[9.0,14.0,10.0,6.0],"rotation":180,"texture":"#1","tintindex":0},"west":{"uv":[9.0,6.0,10.0,14.0],"rotation":0,"texture":"#1","tintindex":0},"up":{"uv":[10.0,6.0,9.0,7.0],"rotation":180,"texture":"#1","tintindex":0},"down":{"uv":[9.0,13.0,10.0,14.0],"rotation":0,"texture":"#1","tintindex":0}}},{"from":[9.819683,5.0383844,7.424015],"to":[10.139683,5.6783843,7.7440147],"rotation":{"angle":0.0,"axis":"y","origin":[5.9796824,7.5983844,7.424015]},"faces":{"east":{"uv":[12.0,6.0,13.0,8.0],"rotation":0,"texture":"#1","tintindex":0},"south":{"uv":[12.0,6.0,13.0,8.0],"rotation":0,"texture":"#1","tintindex":0},"north":{"uv":[12.0,8.0,13.0,6.0],"rotation":180,"texture":"#1","tintindex":0},"west":{"uv":[12.0,6.0,13.0,8.0],"rotation":0,"texture":"#1","tintindex":0},"up":{"uv":[13.0,6.0,12.0,7.0],"rotation":180,"texture":"#1","tintindex":0},"down":{"uv":[12.0,7.0,13.0,8.0],"rotation":0,"texture":"#1","tintindex":0}}},{"from":[6.6196823,3.1183844,7.424015],"to":[8.859683,5.0383844,7.7440147],"rotation":{"angle":0.0,"axis":"y","origin":[5.9796824,7.5983844,7.424015]},"faces":{"east":{"uv":[8.0,8.0,9.0,14.0],"rotation":0,"texture":"#1","tintindex":0},"south":{"uv":[2.0,8.0,9.0,14.0],"rotation":0,"texture":"#1","tintindex":0},"north":{"uv":[2.0,14.0,9.0,8.0],"rotation":180,"texture":"#1","tintindex":0},"west":{"uv":[2.0,8.0,3.0,14.0],"rotation":0,"texture":"#1","tintindex":0},"up":{"uv":[9.0,8.0,2.0,9.0],"rotation":180,"texture":"#1","tintindex":0},"down":{"uv":[2.0,13.0,9.0,14.0],"rotation":0,"texture":"#1","tintindex":0}}},{"from":[6.2996826,3.1183844,7.424015],"to":[6.6196823,4.7183847,7.7440147],"rotation":{"angle":0.0,"axis":"y","origin":[5.9796824,7.5983844,7.424015]},"faces":{"east":{"uv":[1.0,9.0,2.0,14.0],"rotation":0,"texture":"#1","tintindex":0},"south":{"uv":[1.0,9.0,2.0,14.0],"rotation":0,"texture":"#1","tintindex":0},"north":{"uv":[1.0,14.0,2.0,9.0],"rotation":180,"texture":"#1","tintindex":0},"west":{"uv":[1.0,9.0,2.0,14.0],"rotation":0,"texture":"#1","tintindex":0},"up":{"uv":[2.0,9.0,1.0,10.0],"rotation":180,"texture":"#1","tintindex":0},"down":{"uv":[1.0,13.0,2.0,14.0],"rotation":0,"texture":"#1","tintindex":0}}},{"from":[9.819683,3.1183844,7.424015],"to":[10.139683,4.3983846,7.7440147],"rotation":{"angle":0.0,"axis":"y","origin":[5.9796824,7.5983844,7.424015]},"faces":{"east":{"uv":[12.0,10.0,13.0,14.0],"rotation":0,"texture":"#1","tintindex":0},"south":{"uv":[12.0,10.0,13.0,14.0],"rotation":0,"texture":"#1","tintindex":0},"north":{"uv":[12.0,14.0,13.0,10.0],"rotation":180,"texture":"#1","tintindex":0},"west":{"uv":[12.0,10.0,13.0,14.0],"rotation":0,"texture":"#1","tintindex":0},"up":{"uv":[13.0,10.0,12.0,11.0],"rotation":180,"texture":"#1","tintindex":0},"down":{"uv":[12.0,13.0,13.0,14.0],"rotation":0,"texture":"#1","tintindex":0}}}],"display":{"head":{"translation":[0.0,-6.4,0.0],"scale":[4.0,4.0,4.0]}}}